[orv 18:26:06] probability desk up — gate 0.03 prob, fee 0.005, caps $500/mkt $2000 total, journal docs/research/outcome-rv/orv-2026-07-13T18-26-06-450Z.jsonl
[orv 18:26:08] scan BTC K=62814 yes 0.14292/0.16639 fair 0.1290 — no trade (edge 0.0089 < min 0.03)
[orv 18:26:09] SUMMARY open=0 settled=0 early=0 W/L=0/0 locked=$0 realised=$0.00 fees=$0.00
[orv 18:26:26] scan BTC K=62814 yes 0.14292/0.16639 fair 0.1290 — no trade (edge 0.0089 < min 0.03)
[orv 18:26:44] scan BTC K=62814 yes 0.14292/0.16639 fair 0.1289 — no trade (edge 0.0090 < min 0.03)
[orv 18:27:01] scan BTC K=62814 yes 0.14292/0.16639 fair 0.1289 — no trade (edge 0.0090 < min 0.03)
[orv 18:27:18] scan BTC K=62814 yes 0.14292/0.16639 fair 0.1272 — no trade (edge 0.0107 < min 0.03)
[orv 18:27:19] scan ETH K=1781.3 yes 0.191/0.2476 fair 0.1751 — no trade (edge 0.0109 < min 0.03)
[orv 18:27:36] scan BTC K=62814 yes 0.14292/0.16 fair 0.1272 — no trade (edge 0.0107 < min 0.03)
[orv 18:27:36] scan ETH K=1781.3 yes 0.191/0.2476 fair 0.1751 — no trade (edge 0.0109 < min 0.03)
[orv 18:27:53] scan BTC K=62814 yes 0.14/0.1605 fair 0.1271 — no trade (edge 0.0079 < min 0.03)
[orv 18:27:54] scan ETH K=1781.3 yes 0.191/0.2476 fair 0.1750 — no trade (edge 0.0110 < min 0.03)
[orv 18:28:10] scan BTC K=62814 yes 0.1395/0.16 fair 0.1271 — no trade (edge 0.0074 < min 0.03)
[orv 18:28:11] scan ETH K=1781.3 yes 0.191/0.2476 fair 0.1750 — no trade (edge 0.0110 < min 0.03)
[orv 18:28:28] scan BTC K=62814 yes 0.13387/0.15 fair 0.1180 — no trade (edge 0.0108 < min 0.03)
[orv 18:28:29] scan ETH K=1781.3 yes 0.191/0.23236 fair 0.1670 — no trade (edge 0.0190 < min 0.03)
[orv 18:28:46] scan BTC K=62814 yes 0.13387/0.15 fair 0.1180 — no trade (edge 0.0109 < min 0.03)
[orv 18:29:04] scan BTC K=62814 yes 0.12961/0.14669 fair 0.1179 — no trade (edge 0.0067 < min 0.03)
[orv 18:29:21] scan BTC K=62814 yes 0.12961/0.14669 fair 0.1179 — no trade (edge 0.0067 < min 0.03)
[orv 18:29:39] scan BTC K=62814 yes 0.13/0.14669 fair 0.1158 — no trade (edge 0.0092 < min 0.03)
[orv 18:29:57] scan BTC K=62814 yes 0.12961/0.14669 fair 0.1157 — no trade (edge 0.0089 < min 0.03)
[orv 18:29:57] scan ETH K=1781.3 yes 0.191/0.24453 fair 0.1757 — no trade (edge 0.0103 < min 0.03)
[orv 18:30:14] scan BTC K=62814 yes 0.13/0.15 fair 0.1157 — no trade (edge 0.0093 < min 0.03)
[orv 18:30:14] scan ETH K=1781.3 yes 0.191/0.22912 fair 0.1756 — no trade (edge 0.0104 < min 0.03)
[orv 18:30:31] scan BTC K=62814 yes 0.12961/0.15 fair 0.1156 — no trade (edge 0.0090 < min 0.03)
[orv 18:30:49] scan BTC K=62814 yes 0.1295/0.14884 fair 0.1130 — no trade (edge 0.0115 < min 0.03)
[orv 18:31:07] scan BTC K=62814 yes 0.125/0.14884 fair 0.1129 — no trade (edge 0.0071 < min 0.03)
[orv 18:31:24] scan BTC K=62814 yes 0.12463/0.14 fair 0.1129 — no trade (edge 0.0067 < min 0.03)
[orv 18:31:24] scan ETH K=1781.3 yes 0.18/0.2292 fair 0.1639 — no trade (edge 0.0111 < min 0.03)
[orv 18:31:41] scan BTC K=62814 yes 0.12463/0.14884 fair 0.1128 — no trade (edge 0.0068 < min 0.03)
[orv 18:31:42] scan ETH K=1781.3 yes 0.18001/0.2292 fair 0.1638 — no trade (edge 0.0112 < min 0.03)
[orv 18:31:59] scan BTC K=62814 yes 0.1341/0.15439 fair 0.1206 — no trade (edge 0.0085 < min 0.03)
[orv 18:32:17] scan BTC K=62814 yes 0.14/0.16507 fair 0.1206 — no trade (edge 0.0144 < min 0.03)
[orv 18:32:34] scan BTC K=62814 yes 0.1394/0.159 fair 0.1206 — no trade (edge 0.0138 < min 0.03)
[orv 18:32:52] scan BTC K=62814 yes 0.13469/0.15 fair 0.1205 — no trade (edge 0.0092 < min 0.03)
[orv 18:33:09] scan BTC K=62814 yes 0.14235/0.15 fair 0.1111 — no trade (edge 0.0263 < min 0.03)
[orv 18:33:27] scan BTC K=62814 yes 0.14235/0.15 fair 0.1110 — no trade (edge 0.0263 < min 0.03)
[orv 18:33:45] scan BTC K=62814 yes 0.14235/0.15014 fair 0.1110 — no trade (edge 0.0264 < min 0.03)
[orv 18:33:45] scan ETH K=1781.3 yes 0.17752/0.25233 fair 0.1718 — no trade (edge 0.0007 < min 0.03)
[orv 18:34:02] scan BTC K=62814 yes 0.14235/0.156 fair 0.1109 — no trade (edge 0.0264 < min 0.03)
[orv 18:34:03] scan ETH K=1781.3 yes 0.198/0.25232 fair 0.1717 — no trade (edge 0.0213 < min 0.03)
[orv 18:34:20] scan BTC K=62814 yes 0.14235/0.15516 fair 0.1141 — no trade (edge 0.0232 < min 0.03)
[orv 18:34:21] scan ETH K=1781.3 yes 0.198/0.23691 fair 0.1718 — no trade (edge 0.0212 < min 0.03)
[orv 18:34:38] scan BTC K=62814 yes 0.14235/0.15516 fair 0.1141 — no trade (edge 0.0233 < min 0.03)
[orv 18:34:55] scan BTC K=62814 yes 0.14235/0.15516 fair 0.1141 — no trade (edge 0.0233 < min 0.03)
[orv 18:35:13] scan BTC K=62814 yes 0.14235/0.149 fair 0.1140 — no trade (edge 0.0233 < min 0.03)
[orv 18:35:30] scan BTC K=62814 yes 0.14235/0.154 fair 0.1167 — no trade (edge 0.0207 < min 0.03)
[orv 18:35:48] scan BTC K=62814 yes 0.14235/0.16 fair 0.1167 — no trade (edge 0.0207 < min 0.03)
[orv 18:36:05] scan BTC K=62814 yes 0.14235/0.161 fair 0.1166 — no trade (edge 0.0207 < min 0.03)
[orv 18:36:06] scan ETH K=1781.3 yes 0.207/0.248 fair 0.1766 — no trade (edge 0.0254 < min 0.03)
[orv 18:36:23] scan BTC K=62814 yes 0.14235/0.161 fair 0.1166 — no trade (edge 0.0208 < min 0.03)
[orv 18:36:24] scan ETH K=1781.3 yes 0.207/0.24799 fair 0.1766 — no trade (edge 0.0254 < min 0.03)
[orv 18:36:24] SUMMARY open=0 settled=0 early=0 W/L=0/0 locked=$0 realised=$0.00 fees=$0.00
[orv 18:36:41] scan BTC K=62814 yes 0.14235/0.161 fair 0.1235 — no trade (edge 0.0138 < min 0.03)
[orv 18:36:42] scan ETH K=1781.3 yes 0.207/0.25637 fair 0.1858 — no trade (edge 0.0162 < min 0.03)
[orv 18:36:59] scan BTC K=62814 yes 0.15/0.15597 fair 0.1235 — no trade (edge 0.0215 < min 0.03)
[orv 18:36:59] scan ETH K=1781.3 yes 0.20701/0.25637 fair 0.1857 — no trade (edge 0.0163 < min 0.03)
[orv 18:37:16] scan BTC K=62814 yes 0.14235/0.16 fair 0.1234 — no trade (edge 0.0139 < min 0.03)
[orv 18:37:33] scan BTC K=62814 yes 0.14235/0.156 fair 0.1234 — no trade (edge 0.0140 < min 0.03)
[orv 18:37:51] scan BTC K=62814 yes 0.14235/0.156 fair 0.1201 — no trade (edge 0.0173 < min 0.03)
[orv 18:37:51] scan ETH K=1781.3 yes 0.208/0.25482 fair 0.1861 — no trade (edge 0.0169 < min 0.03)
[orv 18:38:09] scan BTC K=62814 yes 0.15/0.156 fair 0.1200 — no trade (edge 0.0250 < min 0.03)
[orv 18:38:09] scan ETH K=1781.3 yes 0.208/0.25483 fair 0.1861 — no trade (edge 0.0169 < min 0.03)
[orv 18:38:26] scan BTC K=62814 yes 0.14235/0.156 fair 0.1200 — no trade (edge 0.0174 < min 0.03)
[orv 18:38:44] scan BTC K=62814 yes 0.14235/0.156 fair 0.1199 — no trade (edge 0.0174 < min 0.03)
[orv 18:39:01] scan BTC K=62814 yes 0.14235/0.156 fair 0.1234 — no trade (edge 0.0140 < min 0.03)
[orv 18:39:02] scan ETH K=1781.3 yes 0.214/0.26061 fair 0.1906 — no trade (edge 0.0184 < min 0.03)
[orv 18:39:19] scan BTC K=62814 yes 0.14235/0.156 fair 0.1233 — no trade (edge 0.0140 < min 0.03)
[orv 18:39:19] scan ETH K=1781.3 yes 0.214/0.2606 fair 0.1905 — no trade (edge 0.0185 < min 0.03)
[orv 18:39:36] scan BTC K=62814 yes 0.14235/0.156 fair 0.1233 — no trade (edge 0.0141 < min 0.03)
[orv 18:39:36] scan ETH K=1781.3 yes 0.214/0.2606 fair 0.1905 — no trade (edge 0.0185 < min 0.03)
[orv 18:39:53] scan BTC K=62814 yes 0.14235/0.156 fair 0.1232 — no trade (edge 0.0141 < min 0.03)
[orv 18:39:53] scan ETH K=1781.3 yes 0.214/0.2606 fair 0.1904 — no trade (edge 0.0186 < min 0.03)
[orv 18:40:11] scan BTC K=62814 yes 0.15/0.15657 fair 0.1260 — no trade (edge 0.0190 < min 0.03)
[orv 18:40:11] scan ETH K=1781.3 yes 0.214/0.2606 fair 0.1931 — no trade (edge 0.0159 < min 0.03)
[orv 18:40:28] scan BTC K=62814 yes 0.14235/0.15657 fair 0.1259 — no trade (edge 0.0114 < min 0.03)
[orv 18:40:29] scan ETH K=1781.3 yes 0.214/0.26299 fair 0.1931 — no trade (edge 0.0159 < min 0.03)
[orv 18:40:46] scan BTC K=62814 yes 0.15/0.15657 fair 0.1259 — no trade (edge 0.0191 < min 0.03)
[orv 18:40:46] scan ETH K=1781.3 yes 0.214/0.26299 fair 0.1931 — no trade (edge 0.0159 < min 0.03)
[orv 18:41:03] scan BTC K=62814 yes 0.14235/0.15657 fair 0.1258 — no trade (edge 0.0115 < min 0.03)
[orv 18:41:03] scan ETH K=1781.3 yes 0.214/0.26299 fair 0.1930 — no trade (edge 0.0160 < min 0.03)
[orv 18:41:20] scan BTC K=62814 yes 0.14235/0.156 fair 0.1185 — no trade (edge 0.0189 < min 0.03)
[orv 18:41:21] scan ETH K=1781.3 yes 0.214/0.26299 fair 0.1861 — no trade (edge 0.0229 < min 0.03)
[orv 18:41:38] scan BTC K=62814 yes 0.143/0.156 fair 0.1184 — no trade (edge 0.0196 < min 0.03)
[orv 18:41:39] scan ETH K=1781.3 yes 0.21402/0.26299 fair 0.1860 — no trade (edge 0.0230 < min 0.03)
[orv 18:41:56] scan BTC K=62814 yes 0.143/0.156 fair 0.1184 — no trade (edge 0.0196 < min 0.03)
[orv 18:41:56] scan ETH K=1781.3 yes 0.21402/0.263 fair 0.1860 — no trade (edge 0.0230 < min 0.03)
[orv 18:42:13] scan BTC K=62814 yes 0.143/0.159 fair 0.1183 — no trade (edge 0.0197 < min 0.03)
[orv 18:42:14] scan ETH K=1781.3 yes 0.21401/0.26299 fair 0.1859 — no trade (edge 0.0231 < min 0.03)
[orv 18:42:31] scan BTC K=62814 yes 0.143/0.159 fair 0.1203 — no trade (edge 0.0177 < min 0.03)
[orv 18:42:31] scan ETH K=1781.3 yes 0.214/0.26244 fair 0.1928 — no trade (edge 0.0162 < min 0.03)
[orv 18:42:48] scan BTC K=62814 yes 0.143/0.159 fair 0.1202 — no trade (edge 0.0178 < min 0.03)
[orv 18:42:49] scan ETH K=1781.3 yes 0.214/0.26243 fair 0.1927 — no trade (edge 0.0163 < min 0.03)
[orv 18:43:05] scan BTC K=62814 yes 0.143/0.159 fair 0.1202 — no trade (edge 0.0178 < min 0.03)
[orv 18:43:23] scan BTC K=62814 yes 0.143/0.161 fair 0.1202 — no trade (edge 0.0178 < min 0.03)
[orv 18:43:40] scan BTC K=62814 yes 0.143/0.16271 fair 0.1269 — no trade (edge 0.0111 < min 0.03)
[orv 18:43:58] scan BTC K=62814 yes 0.1495/0.16271 fair 0.1269 — no trade (edge 0.0176 < min 0.03)
[orv 18:44:16] scan BTC K=62814 yes 0.15055/0.161 fair 0.1268 — no trade (edge 0.0187 < min 0.03)
[orv 18:44:33] scan BTC K=62814 yes 0.15/0.163 fair 0.1268 — no trade (edge 0.0182 < min 0.03)
[orv 18:44:34] scan ETH K=1781.3 yes 0.224/0.26243 fair 0.2025 — no trade (edge 0.0165 < min 0.03)
[orv 18:44:51] scan BTC K=62814 yes 0.15051/0.16 fair 0.1272 — no trade (edge 0.0183 < min 0.03)
[orv 18:45:08] scan BTC K=62814 yes 0.15121/0.167 fair 0.1272 — no trade (edge 0.0190 < min 0.03)
[orv 18:45:09] scan ETH K=1781.3 yes 0.224/0.25947 fair 0.1909 — no trade (edge 0.0281 < min 0.03)
[orv 18:45:26] scan BTC K=62814 yes 0.15121/0.16 fair 0.1271 — no trade (edge 0.0191 < min 0.03)
[orv 18:45:26] scan ETH K=1781.3 yes 0.224/0.25947 fair 0.1908 — no trade (edge 0.0282 < min 0.03)
[orv 18:45:43] scan BTC K=62814 yes 0.15051/0.16 fair 0.1271 — no trade (edge 0.0184 < min 0.03)
[orv 18:45:44] scan ETH K=1781.3 yes 0.19688/0.27107 fair 0.1908 — no trade (edge 0.0011 < min 0.03)
[orv 18:46:01] scan BTC K=62814 yes 0.15051/0.16 fair 0.1252 — no trade (edge 0.0203 < min 0.03)
[orv 18:46:02] scan ETH K=1781.3 yes 0.222/0.27107 fair 0.1921 — no trade (edge 0.0249 < min 0.03)
[orv 18:46:19] scan BTC K=62814 yes 0.15/0.16 fair 0.1251 — no trade (edge 0.0199 < min 0.03)
[orv 18:46:19] scan ETH K=1781.3 yes 0.222/0.27107 fair 0.1920 — no trade (edge 0.0250 < min 0.03)
[orv 18:46:36] scan BTC K=62814 yes 0.15/0.16 fair 0.1251 — no trade (edge 0.0199 < min 0.03)
[orv 18:46:36] scan ETH K=1781.3 yes 0.222/0.25437 fair 0.1920 — no trade (edge 0.0250 < min 0.03)
[orv 18:46:36] SUMMARY open=0 settled=0 early=0 W/L=0/0 locked=$0 realised=$0.00 fees=$0.00
[orv 18:46:53] scan BTC K=62814 yes 0.15/0.16 fair 0.1250 — no trade (edge 0.0200 < min 0.03)
[orv 18:46:54] scan ETH K=1781.3 yes 0.222/0.25437 fair 0.1919 — no trade (edge 0.0251 < min 0.03)
[orv 18:47:11] scan BTC K=62814 yes 0.15/0.16 fair 0.1271 — no trade (edge 0.0179 < min 0.03)
[orv 18:47:29] scan BTC K=62814 yes 0.15076/0.16 fair 0.1271 — no trade (edge 0.0187 < min 0.03)
[orv 18:47:46] scan BTC K=62814 yes 0.15076/0.16 fair 0.1270 — no trade (edge 0.0187 < min 0.03)
[orv 18:48:04] scan BTC K=62814 yes 0.15076/0.16 fair 0.1270 — no trade (edge 0.0188 < min 0.03)
[orv 18:48:21] scan BTC K=62814 yes 0.15051/0.16 fair 0.1288 — no trade (edge 0.0168 < min 0.03)
[orv 18:48:39] scan BTC K=62814 yes 0.15/0.162 fair 0.1287 — no trade (edge 0.0163 < min 0.03)
[orv 18:48:56] scan BTC K=62814 yes 0.15/0.162 fair 0.1287 — no trade (edge 0.0163 < min 0.03)
[orv 18:49:13] scan BTC K=62814 yes 0.15/0.17 fair 0.1286 — no trade (edge 0.0164 < min 0.03)
[orv 18:49:31] scan BTC K=62814 yes 0.15/0.169 fair 0.1312 — no trade (edge 0.0138 < min 0.03)
[orv 18:49:49] scan BTC K=62814 yes 0.15243/0.171 fair 0.1312 — no trade (edge 0.0162 < min 0.03)
[orv 18:50:07] scan BTC K=62814 yes 0.15243/0.171 fair 0.1311 — no trade (edge 0.0163 < min 0.03)
[orv 18:50:24] scan BTC K=62814 yes 0.15/0.17 fair 0.1311 — no trade (edge 0.0139 < min 0.03)
[orv 18:50:42] scan BTC K=62814 yes 0.15/0.17 fair 0.1258 — no trade (edge 0.0192 < min 0.03)
[orv 18:50:59] scan BTC K=62814 yes 0.1513/0.171 fair 0.1258 — no trade (edge 0.0205 < min 0.03)
[orv 18:51:16] scan BTC K=62814 yes 0.154/0.169 fair 0.1257 — no trade (edge 0.0233 < min 0.03)
[orv 18:51:17] scan ETH K=1781.3 yes 0.21651/0.28824 fair 0.2028 — no trade (edge 0.0087 < min 0.03)
[orv 18:51:34] ENTER BUY_NO BTC K=62814 @0.839 ×92 | fair=0.1257 edge=0.0301 | lock $77 for 11.1h
[orv 18:51:34] scan ETH K=1781.3 yes 0.21651/0.28824 fair 0.2028 — no trade (edge 0.0087 < min 0.03)
[orv 18:51:51] scan BTC K=62814 yes 0.16074/0.173 fair 0.1356 — no trade (position-open)
[orv 18:52:09] scan BTC K=62814 yes 0.16456/0.1813 fair 0.1355 — no trade (position-open)
[orv 18:52:09] scan ETH K=1781.3 yes 0.23283/0.30425 fair 0.2231 — no trade (edge 0.0048 < min 0.03)
[orv 18:52:26] scan BTC K=62814 yes 0.17/0.1813 fair 0.1355 — no trade (position-open)
[orv 18:52:27] scan ETH K=1781.3 yes 0.24844/0.31544 fair 0.2230 — no trade (edge 0.0204 < min 0.03)
[orv 18:52:43] scan BTC K=62814 yes 0.17/0.18228 fair 0.1354 — no trade (position-open)
[orv 18:52:44] scan ETH K=1781.3 yes 0.24845/0.32675 fair 0.2230 — no trade (edge 0.0205 < min 0.03)
[orv 18:53:01] scan BTC K=62814 yes 0.1695/0.18228 fair 0.1442 — no trade (position-open)
[orv 18:53:02] scan ETH K=1781.3 yes 0.24845/0.32675 fair 0.2373 — no trade (edge 0.0061 < min 0.03)
[orv 18:53:19] scan BTC K=62814 yes 0.16504/0.17861 fair 0.1441 — no trade (position-open)
[orv 18:53:36] scan BTC K=62814 yes 0.17/0.17861 fair 0.1441 — no trade (position-open)
[orv 18:53:54] scan BTC K=62814 yes 0.17/0.17861 fair 0.1440 — no trade (position-open)
[orv 18:54:11] scan BTC K=62814 yes 0.18/0.18228 fair 0.1542 — no trade (position-open)
[orv 18:54:29] scan BTC K=62814 yes 0.18/0.18228 fair 0.1542 — no trade (position-open)
[orv 18:54:46] scan BTC K=62814 yes 0.16241/0.17412 fair 0.1541 — no trade (position-open)
[orv 18:55:04] scan BTC K=62814 yes 0.1591/0.17412 fair 0.1541 — no trade (position-open)
[orv 18:55:21] scan BTC K=62814 yes 0.16661/0.17 fair 0.1361 — no trade (position-open)
[orv 18:55:39] scan BTC K=62814 yes 0.16661/0.17412 fair 0.1361 — no trade (position-open)
[orv 18:55:56] scan BTC K=62814 yes 0.15688/0.17 fair 0.1360 — no trade (position-open)
[orv 18:56:14] scan BTC K=62814 yes 0.15688/0.17 fair 0.1360 — no trade (position-open)
[orv 18:56:31] scan BTC K=62814 yes 0.15688/0.18 fair 0.1374 — no trade (position-open)
[orv 18:56:49] scan BTC K=62814 yes 0.15688/0.17 fair 0.1374 — no trade (position-open)
[orv 18:56:50] SUMMARY open=1 settled=0 early=0 W/L=0/0 locked=$77 realised=$0.00 fees=$0.00
[orv 18:57:07] scan BTC K=62814 yes 0.15198/0.16794 fair 0.1373 — no trade (position-open)
[orv 18:57:24] scan BTC K=62814 yes 0.16/0.175 fair 0.1372 — no trade (position-open)
[orv 18:57:41] scan BTC K=62814 yes 0.1621/0.175 fair 0.1368 — no trade (position-open)
[orv 18:57:59] scan BTC K=62814 yes 0.1621/0.178 fair 0.1367 — no trade (position-open)
[orv 18:58:17] scan BTC K=62814 yes 0.16549/0.189 fair 0.1367 — no trade (position-open)
[orv 18:58:34] scan BTC K=62814 yes 0.15809/0.179 fair 0.1366 — no trade (position-open)
[orv 18:58:52] scan BTC K=62814 yes 0.15809/0.17 fair 0.1249 — no trade (position-open)
[orv 18:59:09] scan BTC K=62814 yes 0.159/0.17 fair 0.1248 — no trade (position-open)
[orv 18:59:27] scan BTC K=62814 yes 0.159/0.17 fair 0.1248 — no trade (position-open)
[orv 18:59:44] scan BTC K=62814 yes 0.16251/0.17 fair 0.1247 — no trade (position-open)
[orv 19:00:02] scan BTC K=62814 yes 0.159/0.17 fair 0.1279 — no trade (position-open)
[orv 19:00:20] scan BTC K=62814 yes 0.16573/0.178 fair 0.1278 — no trade (position-open)
[orv 19:00:20] scan ETH K=1781.3 yes 0.22311/0.29385 fair 0.2169 — no trade (edge 0.0012 < min 0.03)
[orv 19:00:37] scan BTC K=62814 yes 0.15386/0.171 fair 0.1278 — no trade (position-open)
[orv 19:00:38] scan ETH K=1781.3 yes 0.2231/0.29386 fair 0.2169 — no trade (edge 0.0012 < min 0.03)
[orv 19:00:55] scan BTC K=62814 yes 0.154/0.169 fair 0.1277 — no trade (position-open)
[orv 19:00:55] scan ETH K=1781.3 yes 0.2231/0.29385 fair 0.2169 — no trade (edge 0.0012 < min 0.03)
[orv 19:01:12] scan BTC K=62814 yes 0.154/0.169 fair 0.1264 — no trade (position-open)
[orv 19:01:30] scan BTC K=62814 yes 0.154/0.169 fair 0.1264 — no trade (position-open)
[orv 19:01:47] scan BTC K=62814 yes 0.154/0.169 fair 0.1263 — no trade (position-open)
[orv 19:02:04] scan BTC K=62814 yes 0.15/0.16 fair 0.1263 — no trade (position-open)
[orv 19:02:22] scan BTC K=62814 yes 0.15/0.16 fair 0.1270 — no trade (position-open)
[orv 19:02:40] scan BTC K=62814 yes 0.15/0.16 fair 0.1269 — no trade (position-open)
[orv 19:02:57] scan BTC K=62814 yes 0.15/0.16 fair 0.1269 — no trade (position-open)
[orv 19:03:15] scan BTC K=62814 yes 0.15/0.168 fair 0.1268 — no trade (position-open)
[orv 19:03:32] scan BTC K=62814 yes 0.15/0.16674 fair 0.1291 — no trade (position-open)
[orv 19:03:50] scan BTC K=62814 yes 0.15/0.16674 fair 0.1290 — no trade (position-open)
[orv 19:04:07] scan BTC K=62814 yes 0.15/0.1605 fair 0.1290 — no trade (position-open)
[orv 19:04:25] scan BTC K=62814 yes 0.15/0.161 fair 0.1289 — no trade (position-open)
[orv 19:04:42] scan BTC K=62814 yes 0.15/0.161 fair 0.1220 — no trade (position-open)
[orv 19:05:00] scan BTC K=62814 yes 0.15/0.16182 fair 0.1219 — no trade (position-open)
[orv 19:05:17] scan BTC K=62814 yes 0.15/0.16182 fair 0.1219 — no trade (position-open)
[orv 19:05:35] scan BTC K=62814 yes 0.15/0.16182 fair 0.1218 — no trade (position-open)
[orv 19:05:53] scan BTC K=62814 yes 0.15/0.16182 fair 0.1288 — no trade (position-open)
[orv 19:06:11] scan BTC K=62814 yes 0.1552/0.1664 fair 0.1287 — no trade (position-open)
[orv 19:06:11] scan ETH K=1781.3 yes 0.23929/0.3114 fair 0.2336 — no trade (edge 0.0007 < min 0.03)
[orv 19:06:28] scan BTC K=62814 yes 0.1552/0.1664 fair 0.1287 — no trade (position-open)
[orv 19:06:29] scan ETH K=1781.3 yes 0.23929/0.3114 fair 0.2335 — no trade (edge 0.0008 < min 0.03)
[orv 19:06:45] scan BTC K=62814 yes 0.15/0.1664 fair 0.1286 — no trade (position-open)
[orv 19:07:03] scan BTC K=62814 yes 0.15/0.1664 fair 0.1256 — no trade (position-open)
[orv 19:07:03] SUMMARY open=1 settled=0 early=0 W/L=0/0 locked=$77 realised=$0.00 fees=$0.00
[orv 19:07:20] scan BTC K=62814 yes 0.15/0.16211 fair 0.1256 — no trade (position-open)
[orv 19:07:38] scan BTC K=62814 yes 0.1495/0.16 fair 0.1255 — no trade (position-open)
[orv 19:07:55] scan BTC K=62814 yes 0.14235/0.15774 fair 0.1255 — no trade (position-open)
[orv 19:08:12] scan BTC K=62814 yes 0.14235/0.15774 fair 0.1231 — no trade (position-open)
[orv 19:08:13] scan ETH K=1781.3 yes 0.22282/0.29439 fair 0.2162 — no trade (edge 0.0017 < min 0.03)
[orv 19:08:30] scan BTC K=62814 yes 0.14235/0.15335 fair 0.1230 — no trade (position-open)
[orv 19:08:30] scan ETH K=1781.3 yes 0.22282/0.29439 fair 0.2161 — no trade (edge 0.0017 < min 0.03)
[orv 19:08:47] scan BTC K=62814 yes 0.14715/0.15809 fair 0.1230 — no trade (position-open)
[orv 19:08:48] scan ETH K=1781.3 yes 0.22281/0.2944 fair 0.2161 — no trade (edge 0.0017 < min 0.03)
[orv 19:09:05] scan BTC K=62814 yes 0.14715/0.15809 fair 0.1229 — no trade (position-open)
[orv 19:09:06] scan ETH K=1781.3 yes 0.22282/0.29439 fair 0.2160 — no trade (edge 0.0018 < min 0.03)
[orv 19:09:23] scan BTC K=62814 yes 0.15322/0.16627 fair 0.1329 — no trade (position-open)
[orv 19:09:41] scan BTC K=62814 yes 0.15322/0.16627 fair 0.1328 — no trade (position-open)
[orv 19:09:58] scan BTC K=62814 yes 0.15322/0.16627 fair 0.1328 — no trade (position-open)
[orv 19:10:15] scan BTC K=62814 yes 0.15339/0.17 fair 0.1327 — no trade (position-open)
[orv 19:10:33] scan BTC K=62814 yes 0.15339/0.169 fair 0.1301 — no trade (position-open)
[orv 19:10:50] scan BTC K=62814 yes 0.15339/0.169 fair 0.1301 — no trade (position-open)
[orv 19:11:07] scan BTC K=62814 yes 0.14357/0.169 fair 0.1300 — no trade (position-open)
[orv 19:11:25] scan BTC K=62814 yes 0.14998/0.169 fair 0.1300 — no trade (position-open)
[orv 19:11:43] scan BTC K=62814 yes 0.14998/0.169 fair 0.1327 — no trade (position-open)
[orv 19:12:00] scan BTC K=62814 yes 0.16179/0.17404 fair 0.1327 — no trade (position-open)
[orv 19:12:18] scan BTC K=62814 yes 0.16179/0.17404 fair 0.1326 — no trade (position-open)
[orv 19:12:36] scan BTC K=62814 yes 0.16179/0.17404 fair 0.1326 — no trade (position-open)
[orv 19:12:36] scan ETH K=1781.3 yes 0.23523/0.31299 fair 0.2243 — no trade (edge 0.0059 < min 0.03)
[orv 19:12:54] scan BTC K=62814 yes 0.15428/0.17 fair 0.1310 — no trade (position-open)
[orv 19:12:54] scan ETH K=1781.3 yes 0.23523/0.313 fair 0.2233 — no trade (edge 0.0069 < min 0.03)
[orv 19:13:12] scan BTC K=62814 yes 0.15428/0.17 fair 0.1310 — no trade (position-open)
[orv 19:13:12] scan ETH K=1781.3 yes 0.23523/0.31299 fair 0.2233 — no trade (edge 0.0070 < min 0.03)
[orv 19:13:29] scan BTC K=62814 yes 0.15428/0.17 fair 0.1309 — no trade (position-open)
[orv 19:13:29] scan ETH K=1781.3 yes 0.23095/0.3117 fair 0.2232 — no trade (edge 0.0027 < min 0.03)
[orv 19:13:46] scan BTC K=62814 yes 0.15932/0.17409 fair 0.1309 — no trade (position-open)
[orv 19:13:46] scan ETH K=1781.3 yes 0.23095/0.3117 fair 0.2232 — no trade (edge 0.0028 < min 0.03)
[orv 19:14:03] scan BTC K=62814 yes 0.15932/0.17409 fair 0.1391 — no trade (position-open)
[orv 19:14:21] scan BTC K=62814 yes 0.15932/0.17409 fair 0.1391 — no trade (position-open)
[orv 19:14:38] scan BTC K=62814 yes 0.15932/0.17409 fair 0.1390 — no trade (position-open)
[orv 19:14:56] scan BTC K=62814 yes 0.15/0.17 fair 0.1390 — no trade (position-open)
[orv 19:15:13] scan BTC K=62814 yes 0.145/0.17 fair 0.1354 — no trade (position-open)
[orv 19:15:31] scan BTC K=62814 yes 0.15928/0.17409 fair 0.1353 — no trade (position-open)
[orv 19:15:49] scan BTC K=62814 yes 0.15928/0.17409 fair 0.1353 — no trade (position-open)
[orv 19:16:06] scan BTC K=62814 yes 0.15928/0.17409 fair 0.1352 — no trade (position-open)
[orv 19:16:07] scan ETH K=1781.3 yes 0.24367/0.30844 fair 0.2300 — no trade (edge 0.0086 < min 0.03)
[orv 19:16:24] scan BTC K=62814 yes 0.15928/0.17409 fair 0.1358 — no trade (position-open)
[orv 19:16:25] scan ETH K=1781.3 yes 0.24368/0.30844 fair 0.2366 — no trade (edge 0.0021 < min 0.03)
[orv 19:16:42] scan BTC K=62814 yes 0.15928/0.17 fair 0.1357 — no trade (position-open)
[orv 19:16:42] scan ETH K=1781.3 yes 0.24368/0.30845 fair 0.2365 — no trade (edge 0.0021 < min 0.03)
[orv 19:16:59] scan BTC K=62814 yes 0.15928/0.17409 fair 0.1357 — no trade (position-open)
[orv 19:17:00] scan ETH K=1781.3 yes 0.24368/0.30845 fair 0.2365 — no trade (edge 0.0022 < min 0.03)
[orv 19:17:17] scan BTC K=62814 yes 0.16466/0.178 fair 0.1356 — no trade (position-open)
[orv 19:17:17] scan ETH K=1781.3 yes 0.24368/0.32475 fair 0.2365 — no trade (edge 0.0022 < min 0.03)
[orv 19:17:17] SUMMARY open=1 settled=0 early=0 W/L=0/0 locked=$77 realised=$0.00 fees=$0.00
[orv 19:17:35] scan BTC K=62814 yes 0.16466/0.18 fair 0.1390 — no trade (position-open)
[orv 19:17:35] scan ETH K=1781.3 yes 0.25981/0.325 fair 0.2503 — no trade (edge 0.0045 < min 0.03)
[orv 19:17:52] scan BTC K=62814 yes 0.17527/0.18 fair 0.1390 — no trade (position-open)
[orv 19:17:53] scan ETH K=1781.3 yes 0.25981/0.33108 fair 0.2503 — no trade (edge 0.0046 < min 0.03)
[orv 19:18:10] scan BTC K=62814 yes 0.16661/0.18 fair 0.1389 — no trade (position-open)
[orv 19:18:10] scan ETH K=1781.3 yes 0.25981/0.33108 fair 0.2502 — no trade (edge 0.0046 < min 0.03)
[orv 19:18:27] scan BTC K=62814 yes 0.16019/0.17 fair 0.1389 — no trade (position-open)
[orv 19:18:45] scan BTC K=62814 yes 0.16019/0.17 fair 0.1310 — no trade (position-open)
[orv 19:18:46] scan ETH K=1781.3 yes 0.24174/0.31373 fair 0.2361 — no trade (edge 0.0007 < min 0.03)
[orv 19:19:03] scan BTC K=62814 yes 0.15488/0.16 fair 0.1310 — no trade (position-open)
[orv 19:19:03] scan ETH K=1781.3 yes 0.24174/0.31372 fair 0.2360 — no trade (edge 0.0007 < min 0.03)
[orv 19:19:20] scan BTC K=62814 yes 0.15488/0.17 fair 0.1309 — no trade (position-open)
[orv 19:19:38] scan BTC K=62814 yes 0.15488/0.17 fair 0.1309 — no trade (position-open)
[orv 19:19:55] scan BTC K=62814 yes 0.1495/0.17 fair 0.1224 — no trade (position-open)
[orv 19:20:13] scan BTC K=62814 yes 0.14306/0.16 fair 0.1223 — no trade (position-open)
[orv 19:20:30] scan BTC K=62814 yes 0.14235/0.16 fair 0.1223 — no trade (position-open)
[orv 19:20:48] scan BTC K=62814 yes 0.14309/0.16 fair 0.1222 — no trade (position-open)
[orv 19:21:05] scan BTC K=62814 yes 0.14309/0.16 fair 0.1185 — no trade (position-open)
[orv 19:21:23] scan BTC K=62814 yes 0.14757/0.161 fair 0.1185 — no trade (position-open)
[orv 19:21:40] scan BTC K=62814 yes 0.1436/0.16 fair 0.1184 — no trade (position-open)
[orv 19:21:58] scan BTC K=62814 yes 0.1436/0.161 fair 0.1184 — no trade (position-open)
[orv 19:22:15] scan BTC K=62814 yes 0.1436/0.16 fair 0.1183 — no trade (position-open)
[orv 19:22:33] scan BTC K=62814 yes 0.14235/0.16 fair 0.1182 — no trade (position-open)
[orv 19:22:50] scan BTC K=62814 yes 0.14369/0.16 fair 0.1182 — no trade (position-open)
[orv 19:23:08] scan BTC K=62814 yes 0.14235/0.158 fair 0.1181 — no trade (position-open)
[orv 19:23:26] scan BTC K=62814 yes 0.14235/0.156 fair 0.1171 — no trade (position-open)
[orv 19:23:43] scan BTC K=62814 yes 0.14235/0.152 fair 0.1171 — no trade (position-open)
[orv 19:24:01] scan BTC K=62814 yes 0.14235/0.155 fair 0.1170 — no trade (position-open)
[orv 19:24:18] scan BTC K=62814 yes 0.14235/0.155 fair 0.1170 — no trade (position-open)
[orv 19:24:36] scan BTC K=62814 yes 0.14235/0.155 fair 0.1200 — no trade (position-open)
[orv 19:24:54] scan BTC K=62814 yes 0.14617/0.161 fair 0.1200 — no trade (position-open)
[orv 19:25:12] scan BTC K=62814 yes 0.15182/0.161 fair 0.1199 — no trade (position-open)
[orv 19:25:29] scan BTC K=62814 yes 0.14735/0.1605 fair 0.1199 — no trade (position-open)
[orv 19:25:48] scan BTC K=62814 yes 0.14235/0.165 fair 0.1240 — no trade (position-open)
[orv 19:26:05] scan BTC K=62814 yes 0.14412/0.159 fair 0.1239 — no trade (position-open)
[orv 19:26:24] scan BTC K=62814 yes 0.14412/0.159 fair 0.1239 — no trade (position-open)
[orv 19:26:41] scan BTC K=62814 yes 0.14412/0.159 fair 0.1238 — no trade (position-open)
[orv 19:26:59] scan BTC K=62814 yes 0.14412/0.159 fair 0.1205 — no trade (position-open)
[orv 19:26:59] scan ETH K=1781.3 yes 0.22514/0.2966 fair 0.2168 — no trade (edge 0.0033 < min 0.03)
[orv 19:27:17] scan BTC K=62814 yes 0.14412/0.159 fair 0.1204 — no trade (position-open)
[orv 19:27:34] scan BTC K=62814 yes 0.14412/0.159 fair 0.1204 — no trade (position-open)
[orv 19:27:35] SUMMARY open=1 settled=0 early=0 W/L=0/0 locked=$77 realised=$0.00 fees=$0.00
[orv 19:27:51] scan BTC K=62814 yes 0.14412/0.159 fair 0.1203 — no trade (position-open)
[orv 19:28:10] scan BTC K=62814 yes 0.14412/0.159 fair 0.1188 — no trade (position-open)
[orv 19:28:27] scan BTC K=62814 yes 0.14235/0.159 fair 0.1188 — no trade (position-open)
[orv 19:28:44] scan BTC K=62814 yes 0.14632/0.159 fair 0.1187 — no trade (position-open)
[orv 19:29:02] scan BTC K=62814 yes 0.14632/0.159 fair 0.1187 — no trade (position-open)
[orv 19:29:20] scan BTC K=62814 yes 0.14235/0.159 fair 0.1181 — no trade (position-open)
[orv 19:29:37] scan BTC K=62814 yes 0.14235/0.149 fair 0.1181 — no trade (position-open)
[orv 19:29:55] scan BTC K=62814 yes 0.14235/0.151 fair 0.1180 — no trade (position-open)
[orv 19:30:13] scan BTC K=62814 yes 0.14386/0.156 fair 0.1180 — no trade (position-open)
[orv 19:30:30] scan BTC K=62814 yes 0.14912/0.16 fair 0.1234 — no trade (position-open)
[orv 19:30:48] scan BTC K=62814 yes 0.14912/0.17 fair 0.1233 — no trade (position-open)
[orv 19:31:06] scan BTC K=62814 yes 0.15474/0.166 fair 0.1233 — no trade (position-open)
[orv 19:31:07] scan ETH K=1781.3 yes 0.24314/0.30918 fair 0.2227 — no trade (edge 0.0154 < min 0.03)
[orv 19:31:24] scan BTC K=62814 yes 0.15474/0.172 fair 0.1232 — no trade (position-open)
[orv 19:31:24] scan ETH K=1781.3 yes 0.24315/0.30919 fair 0.2227 — no trade (edge 0.0155 < min 0.03)
[orv 19:31:42] scan BTC K=62814 yes 0.15474/0.172 fair 0.1326 — no trade (position-open)
[orv 19:31:59] scan BTC K=62814 yes 0.15474/0.172 fair 0.1325 — no trade (position-open)
[orv 19:32:17] scan BTC K=62814 yes 0.15474/0.172 fair 0.1325 — no trade (position-open)
[orv 19:32:34] scan BTC K=62814 yes 0.16/0.176 fair 0.1324 — no trade (position-open)
[orv 19:32:35] scan ETH K=1781.3 yes 0.26222/0.34228 fair 0.2392 — no trade (edge 0.0180 < min 0.03)
[orv 19:32:53] scan BTC K=62814 yes 0.16434/0.179 fair 0.1411 — no trade (position-open)
[orv 19:33:10] scan BTC K=62814 yes 0.16434/0.179 fair 0.1410 — no trade (position-open)
[orv 19:33:28] scan BTC K=62814 yes 0.16711/0.187 fair 0.1410 — no trade (position-open)
[orv 19:33:28] scan ETH K=1781.3 yes 0.27913/0.35877 fair 0.2651 — no trade (edge 0.0090 < min 0.03)
[orv 19:33:45] scan BTC K=62814 yes 0.1622/0.179 fair 0.1409 — no trade (position-open)
[orv 19:33:46] scan ETH K=1781.3 yes 0.27913/0.35877 fair 0.2651 — no trade (edge 0.0090 < min 0.03)
[orv 19:34:03] scan BTC K=62814 yes 0.1622/0.179 fair 0.1335 — no trade (position-open)
[orv 19:34:21] scan BTC K=62814 yes 0.16739/0.181 fair 0.1335 — no trade (position-open)
[orv 19:34:21] scan ETH K=1781.3 yes 0.29606/0.37008 fair 0.2775 — no trade (edge 0.0136 < min 0.03)
[orv 19:34:39] scan BTC K=62814 yes 0.17383/0.186 fair 0.1334 — no trade (position-open)
[orv 19:34:40] scan ETH K=1781.3 yes 0.29606/0.37008 fair 0.2775 — no trade (edge 0.0136 < min 0.03)
[orv 19:34:56] scan BTC K=62814 yes 0.17383/0.188 fair 0.1334 — no trade (position-open)
[orv 19:34:57] scan ETH K=1781.3 yes 0.29606/0.37008 fair 0.2774 — no trade (edge 0.0136 < min 0.03)
[orv 19:35:15] scan BTC K=62814 yes 0.17383/0.191 fair 0.1506 — no trade (position-open)
[orv 19:35:33] scan BTC K=62814 yes 0.17383/0.19996 fair 0.1505 — no trade (position-open)
[orv 19:35:50] scan BTC K=62814 yes 0.17383/0.189 fair 0.1504 — no trade (position-open)
[orv 19:36:08] scan BTC K=62814 yes 0.17383/0.189 fair 0.1504 — no trade (position-open)
[orv 19:36:26] scan BTC K=62814 yes 0.16781/0.189 fair 0.1405 — no trade (position-open)
[orv 19:36:44] scan BTC K=62814 yes 0.17/0.189 fair 0.1405 — no trade (position-open)
[orv 19:36:44] scan ETH K=1781.3 yes 0.29636/0.37099 fair 0.2862 — no trade (edge 0.0052 < min 0.03)
[orv 19:37:01] scan BTC K=62814 yes 0.17216/0.189 fair 0.1404 — no trade (position-open)
[orv 19:37:01] scan ETH K=1781.3 yes 0.29636/0.37403 fair 0.2862 — no trade (edge 0.0052 < min 0.03)
[orv 19:37:19] scan BTC K=62814 yes 0.17216/0.189 fair 0.1404 — no trade (position-open)
[orv 19:37:36] scan BTC K=62814 yes 0.17216/0.189 fair 0.1468 — no trade (position-open)
[orv 19:37:37] SUMMARY open=1 settled=0 early=0 W/L=0/0 locked=$77 realised=$0.00 fees=$0.00
[orv 19:37:54] scan BTC K=62814 yes 0.17216/0.189 fair 0.1467 — no trade (position-open)
[orv 19:38:11] scan BTC K=62814 yes 0.17314/0.189 fair 0.1467 — no trade (position-open)
[orv 19:38:30] scan BTC K=62814 yes 0.16757/0.189 fair 0.1466 — no trade (position-open)
[orv 19:38:47] scan BTC K=62814 yes 0.16698/0.185 fair 0.1418 — no trade (position-open)
[orv 19:39:05] scan BTC K=62814 yes 0.167/0.185 fair 0.1417 — no trade (position-open)
[orv 19:39:23] scan BTC K=62814 yes 0.167/0.179 fair 0.1417 — no trade (position-open)
[orv 19:39:41] scan BTC K=62814 yes 0.167/0.179 fair 0.1416 — no trade (position-open)
[orv 19:39:59] scan BTC K=62814 yes 0.167/0.179 fair 0.1378 — no trade (position-open)
[orv 19:40:16] scan BTC K=62814 yes 0.16651/0.179 fair 0.1377 — no trade (position-open)
[orv 19:40:34] scan BTC K=62814 yes 0.16651/0.179 fair 0.1377 — no trade (position-open)
[orv 19:40:51] scan BTC K=62814 yes 0.16752/0.179 fair 0.1376 — no trade (position-open)
[orv 19:41:09] scan BTC K=62814 yes 0.16752/0.182 fair 0.1406 — no trade (position-open)
[orv 19:41:27] scan BTC K=62814 yes 0.16203/0.182 fair 0.1406 — no trade (position-open)
[orv 19:41:44] scan BTC K=62814 yes 0.16692/0.182 fair 0.1405 — no trade (position-open)
[orv 19:42:01] scan BTC K=62814 yes 0.16692/0.182 fair 0.1405 — no trade (position-open)
[orv 19:42:19] scan BTC K=62814 yes 0.16692/0.182 fair 0.1461 — no trade (position-open)
[orv 19:42:37] scan BTC K=62814 yes 0.17205/0.186 fair 0.1461 — no trade (position-open)
[orv 19:42:55] scan BTC K=62814 yes 0.17205/0.186 fair 0.1460 — no trade (position-open)
[orv 19:43:13] scan BTC K=62814 yes 0.1767/0.186 fair 0.1460 — no trade (position-open)
[orv 19:43:30] scan BTC K=62814 yes 0.17/0.186 fair 0.1478 — no trade (position-open)
[orv 19:43:49] scan BTC K=62814 yes 0.17/0.186 fair 0.1478 — no trade (position-open)
[orv 19:44:06] scan BTC K=62814 yes 0.17249/0.186 fair 0.1477 — no trade (position-open)
[orv 19:44:24] scan BTC K=62814 yes 0.17249/0.186 fair 0.1477 — no trade (position-open)
[orv 19:44:41] scan BTC K=62814 yes 0.17834/0.186 fair 0.1544 — no trade (position-open)
[orv 19:44:59] scan BTC K=62814 yes 0.18/0.192 fair 0.1544 — no trade (position-open)
[orv 19:45:16] scan BTC K=62814 yes 0.17334/0.189 fair 0.1543 — no trade (position-open)
[orv 19:45:34] scan BTC K=62814 yes 0.17/0.189 fair 0.1543 — no trade (position-open)
[orv 19:45:52] scan BTC K=62814 yes 0.17/0.18 fair 0.1501 — no trade (position-open)
[orv 19:46:10] scan BTC K=62814 yes 0.17/0.18 fair 0.1501 — no trade (position-open)
[orv 19:46:28] scan BTC K=62814 yes 0.16818/0.18 fair 0.1500 — no trade (position-open)
[orv 19:46:45] scan BTC K=62814 yes 0.16643/0.185 fair 0.1500 — no trade (position-open)
[orv 19:47:04] scan BTC K=62814 yes 0.16143/0.18 fair 0.1469 — no trade (position-open)
[orv 19:47:04] scan ETH K=1781.3 yes 0.28875/0.36918 fair 0.2835 — no trade (edge 0.0003 < min 0.03)
[orv 19:47:21] scan BTC K=62814 yes 0.15658/0.17 fair 0.1468 — no trade (position-open)
[orv 19:47:39] scan BTC K=62814 yes 0.15658/0.176 fair 0.1468 — no trade (position-open)
[orv 19:47:39] SUMMARY open=1 settled=0 early=0 W/L=0/0 locked=$77 realised=$0.00 fees=$0.00
[orv 19:47:56] scan BTC K=62814 yes 0.16183/0.18 fair 0.1467 — no trade (position-open)
[orv 19:48:14] scan BTC K=62814 yes 0.15539/0.178 fair 0.1458 — no trade (position-open)
[orv 19:48:32] scan BTC K=62814 yes 0.15983/0.178 fair 0.1457 — no trade (position-open)
[orv 19:48:49] scan BTC K=62814 yes 0.15983/0.178 fair 0.1457 — no trade (position-open)
[orv 19:49:07] scan BTC K=62814 yes 0.16455/0.18 fair 0.1456 — no trade (position-open)
[orv 19:49:25] scan BTC K=62814 yes 0.16455/0.18 fair 0.1510 — no trade (position-open)
[orv 19:49:42] scan BTC K=62814 yes 0.16455/0.18 fair 0.1509 — no trade (position-open)
[orv 19:50:01] scan BTC K=62814 yes 0.17119/0.188 fair 0.1509 — no trade (position-open)
[orv 19:50:18] scan BTC K=62814 yes 0.17591/0.194 fair 0.1508 — no trade (position-open)
[orv 19:50:19] scan ETH K=1781.3 yes 0.29167/0.37099 fair 0.2772 — no trade (edge 0.0094 < min 0.03)
[orv 19:50:36] scan BTC K=62814 yes 0.17442/0.197 fair 0.1610 — no trade (position-open)
[orv 19:50:54] scan BTC K=62814 yes 0.17592/0.197 fair 0.1609 — no trade (position-open)
[orv 19:51:12] scan BTC K=62814 yes 0.1895/0.209 fair 0.1609 — no trade (position-open)
[orv 19:51:12] scan ETH K=1781.3 yes 0.31087/0.37099 fair 0.2942 — no trade (edge 0.0117 < min 0.03)
[orv 19:51:30] scan BTC K=62814 yes 0.18725/0.208 fair 0.1608 — no trade (position-open)
[orv 19:51:47] scan BTC K=62814 yes 0.18851/0.20653 fair 0.1709 — no trade (position-open)
[orv 19:52:05] scan BTC K=62814 yes 0.18263/0.206 fair 0.1709 — no trade (position-open)
[orv 19:52:23] scan BTC K=62814 yes 0.19/0.209 fair 0.1708 — no trade (position-open)
[orv 19:52:41] scan BTC K=62814 yes 0.19349/0.215 fair 0.1708 — no trade (position-open)
[orv 19:52:41] scan ETH K=1781.3 yes 0.3133/0.38816 fair 0.3033 — no trade (edge 0.0050 < min 0.03)
[orv 19:52:58] scan BTC K=62814 yes 0.19349/0.215 fair 0.1808 — no trade (position-open)
[orv 19:53:16] scan BTC K=62814 yes 0.19/0.21 fair 0.1808 — no trade (position-open)
[orv 19:53:34] scan BTC K=62814 yes 0.19449/0.215 fair 0.1807 — no trade (position-open)
[orv 19:53:51] scan BTC K=62814 yes 0.19/0.21 fair 0.1807 — no trade (position-open)
[orv 19:54:09] scan BTC K=62814 yes 0.2/0.212 fair 0.1790 — no trade (position-open)
[orv 19:54:27] scan BTC K=62814 yes 0.2/0.21 fair 0.1790 — no trade (position-open)
[orv 19:54:45] scan BTC K=62814 yes 0.18742/0.209 fair 0.1789 — no trade (position-open)
[orv 19:55:02] scan BTC K=62814 yes 0.18746/0.2 fair 0.1789 — no trade (position-open)
[orv 19:55:20] scan BTC K=62814 yes 0.1895/0.21 fair 0.1759 — no trade (position-open)
[orv 19:55:37] scan BTC K=62814 yes 0.19/0.21 fair 0.1758 — no trade (position-open)
[orv 19:55:55] scan BTC K=62814 yes 0.19518/0.217 fair 0.1758 — no trade (position-open)
[orv 19:56:12] scan BTC K=62814 yes 0.19518/0.217 fair 0.1757 — no trade (position-open)
[orv 19:56:31] scan BTC K=62814 yes 0.2004/0.217 fair 0.1875 — no trade (position-open)
[orv 19:56:48] scan BTC K=62814 yes 0.1936/0.217 fair 0.1875 — no trade (position-open)
[orv 19:57:06] scan BTC K=62814 yes 0.20422/0.2185 fair 0.1874 — no trade (position-open)
[orv 19:57:06] scan ETH K=1781.3 yes 0.33678/0.404 fair 0.3300 — no trade (edge 0.0018 < min 0.03)
[orv 19:57:24] scan BTC K=62814 yes 0.20196/0.2185 fair 0.1874 — no trade (position-open)
[orv 19:57:25] scan ETH K=1781.3 yes 0.33678/0.41358 fair 0.3299 — no trade (edge 0.0018 < min 0.03)
[orv 19:57:42] scan BTC K=62814 yes 0.2/0.2185 fair 0.1901 — no trade (position-open)
[orv 19:57:42] SUMMARY open=1 settled=0 early=0 W/L=0/0 locked=$77 realised=$0.00 fees=$0.00
[orv 19:58:17] scan BTC K=62814 yes 0.20056/0.2185 fair 0.1900 — no trade (position-open)
[orv 19:58:36] scan BTC K=62814 yes 0.20056/0.2185 fair 0.1899 — no trade (position-open)
[orv 19:58:53] scan BTC K=62814 yes 0.2/0.2185 fair 0.1915 — no trade (position-open)
[orv 19:59:12] scan BTC K=62814 yes 0.2/0.2185 fair 0.1915 — no trade (position-open)
[orv 19:59:29] scan BTC K=62814 yes 0.2/0.2185 fair 0.1914 — no trade (position-open)
[orv 19:59:46] scan BTC K=62814 yes 0.21/0.228 fair 0.1914 — no trade (position-open)
[orv 19:59:47] scan ETH K=1781.3 yes 0.35182/0.41358 fair 0.3403 — no trade (edge 0.0065 < min 0.03)
[orv 20:00:04] scan BTC K=62814 yes 0.20012/0.22 fair 0.1923 — no trade (position-open)
[orv 20:00:04] scan ETH K=1781.3 yes 0.35184/0.41358 fair 0.3435 — no trade (edge 0.0034 < min 0.03)
[orv 20:00:57] scan BTC K=62814 yes 0.2/0.22 fair 0.1922 — no trade (position-open)
[orv 20:01:15] scan BTC K=62814 yes 0.1936/0.21 fair 0.1859 — no trade (position-open)
[orv 20:02:26] scan BTC K=62814 yes 0.19037/0.21 fair 0.1841 — no trade (position-open)
[orv 20:02:44] scan BTC K=62814 yes 0.1931/0.211 fair 0.1840 — no trade (position-open)
[orv 20:03:02] scan BTC K=62814 yes 0.19468/0.214 fair 0.1840 — no trade (position-open)
[orv 20:03:19] scan BTC K=62814 yes 0.2/0.219 fair 0.1839 — no trade (position-open)
[orv 20:03:38] scan BTC K=62814 yes 0.2/0.219 fair 0.1926 — no trade (position-open)
[orv 20:03:55] scan BTC K=62814 yes 0.2/0.219 fair 0.1925 — no trade (position-open)
[orv 20:04:13] scan BTC K=62814 yes 0.2/0.219 fair 0.1924 — no trade (position-open)
[orv 20:04:32] scan BTC K=62814 yes 0.2/0.219 fair 0.1924 — no trade (position-open)
[orv 20:04:49] scan BTC K=62814 yes 0.2075/0.225 fair 0.1992 — no trade (position-open)
[orv 20:05:07] scan BTC K=62814 yes 0.21/0.228 fair 0.1991 — no trade (position-open)
[orv 20:05:25] scan BTC K=62814 yes 0.21303/0.23864 fair 0.1990 — no trade (position-open)
[orv 20:05:25] scan ETH K=1781.3 yes 0.37551/0.45161 fair 0.3590 — no trade (edge 0.0115 < min 0.03)
[orv 20:05:43] scan BTC K=62814 yes 0.20645/0.22 fair 0.1990 — no trade (position-open)
[orv 20:06:36] scan BTC K=62814 yes 0.20634/0.22 fair 0.1963 — no trade (position-open)
[orv 20:06:36] scan ETH K=1781.3 yes 0.3603/0.41866 fair 0.3471 — no trade (edge 0.0082 < min 0.03)
[orv 20:07:11] scan BTC K=62814 yes 0.1949/0.21 fair 0.1853 — no trade (position-open)
[orv 20:07:30] scan BTC K=62814 yes 0.1949/0.21 fair 0.1852 — no trade (position-open)
[orv 20:07:48] scan BTC K=62814 yes 0.1949/0.21 fair 0.1852 — no trade (position-open)
[orv 20:07:48] SUMMARY open=1 settled=0 early=0 W/L=0/0 locked=$77 realised=$0.00 fees=$0.00
[orv 20:08:05] scan BTC K=62814 yes 0.1949/0.22 fair 0.1851 — no trade (position-open)
[orv 20:08:23] scan BTC K=62814 yes 0.19396/0.22 fair 0.1875 — no trade (position-open)
[orv 20:08:40] scan BTC K=62814 yes 0.19396/0.21 fair 0.1875 — no trade (position-open)
[orv 20:09:34] scan BTC K=62814 yes 0.18982/0.21 fair 0.1848 — no trade (position-open)
[orv 20:10:45] scan BTC K=62814 yes 0.17601/0.19 fair 0.1676 — no trade (position-open)
[orv 20:11:03] scan BTC K=62814 yes 0.17601/0.1945 fair 0.1675 — no trade (position-open)
[orv 20:12:50] scan BTC K=62814 yes 0.17701/0.1905 fair 0.1705 — no trade (position-open)
[orv 20:14:18] scan BTC K=62814 yes 0.18/0.19 fair 0.1704 — no trade (position-open)
[orv 20:14:36] scan BTC K=62814 yes 0.18/0.19 fair 0.1703 — no trade (position-open)
[orv 20:14:54] scan BTC K=62814 yes 0.18/0.1905 fair 0.1703 — no trade (position-open)
[orv 20:17:52] SUMMARY open=1 settled=0 early=0 W/L=0/0 locked=$77 realised=$0.00 fees=$0.00
[orv 20:19:02] scan BTC K=62814 yes 0.14235/0.15 fair 0.1282 — no trade (position-open)
[orv 20:19:20] scan BTC K=62814 yes 0.14235/0.15536 fair 0.1282 — no trade (position-open)
[orv 20:19:37] scan BTC K=62814 yes 0.14235/0.16 fair 0.1281 — no trade (position-open)
[orv 20:19:55] scan BTC K=62814 yes 0.15117/0.16 fair 0.1281 — no trade (position-open)
[orv 20:20:13] scan BTC K=62814 yes 0.155/0.16001 fair 0.1308 — no trade (position-open)
[orv 20:20:31] scan BTC K=62814 yes 0.15/0.16709 fair 0.1308 — no trade (position-open)
[orv 20:20:48] scan BTC K=62814 yes 0.15467/0.167 fair 0.1307 — no trade (position-open)
[orv 20:21:07] scan BTC K=62814 yes 0.15467/0.16709 fair 0.1307 — no trade (position-open)
[orv 20:21:24] scan BTC K=62814 yes 0.14235/0.16 fair 0.1218 — no trade (position-open)
[orv 20:21:42] scan BTC K=62814 yes 0.14235/0.16068 fair 0.1217 — no trade (position-open)
[orv 20:21:59] scan BTC K=62814 yes 0.14235/0.16068 fair 0.1217 — no trade (position-open)
[orv 20:22:17] scan BTC K=62814 yes 0.14517/0.16823 fair 0.1216 — no trade (position-open)
[orv 20:22:35] scan BTC K=62814 yes 0.15/0.16823 fair 0.1341 — no trade (position-open)
[orv 20:22:53] scan BTC K=62814 yes 0.16/0.17598 fair 0.1341 — no trade (position-open)
[orv 20:22:53] scan ETH K=1781.3 yes 0.22901/0.30453 fair 0.2185 — no trade (edge 0.0055 < min 0.03)
[orv 20:23:11] scan BTC K=62814 yes 0.16401/0.18407 fair 0.1340 — no trade (position-open)
[orv 20:23:12] scan ETH K=1781.3 yes 0.22901/0.32311 fair 0.2185 — no trade (edge 0.0055 < min 0.03)
[orv 20:23:29] scan BTC K=62814 yes 0.17/0.18949 fair 0.1339 — no trade (position-open)
[orv 20:23:29] scan ETH K=1781.3 yes 0.22901/0.32311 fair 0.2184 — no trade (edge 0.0056 < min 0.03)
[orv 20:23:47] scan BTC K=62814 yes 0.161/0.18547 fair 0.1480 — no trade (position-open)
[orv 20:24:05] scan BTC K=62814 yes 0.161/0.18547 fair 0.1479 — no trade (position-open)
[orv 20:24:22] scan BTC K=62814 yes 0.161/0.18547 fair 0.1479 — no trade (position-open)
[orv 20:24:39] scan BTC K=62814 yes 0.16051/0.18547 fair 0.1478 — no trade (position-open)
[orv 20:24:58] scan BTC K=62814 yes 0.17/0.195 fair 0.1539 — no trade (position-open)
[orv 20:25:15] scan BTC K=62814 yes 0.17251/0.19546 fair 0.1538 — no trade (position-open)
[orv 20:25:33] scan BTC K=62814 yes 0.18/0.19546 fair 0.1538 — no trade (position-open)
[orv 20:25:51] scan BTC K=62814 yes 0.18/0.19546 fair 0.1537 — no trade (position-open)
[orv 20:26:08] scan BTC K=62814 yes 0.18/0.203 fair 0.1605 — no trade (position-open)
[orv 20:26:26] scan BTC K=62814 yes 0.18/0.19909 fair 0.1604 — no trade (position-open)
[orv 20:26:44] scan BTC K=62814 yes 0.18/0.19909 fair 0.1604 — no trade (position-open)
[orv 20:27:02] scan BTC K=62814 yes 0.18/0.19909 fair 0.1603 — no trade (position-open)
[orv 20:27:19] scan BTC K=62814 yes 0.1795/0.19909 fair 0.1576 — no trade (position-open)
[orv 20:27:38] scan BTC K=62814 yes 0.18/0.19909 fair 0.1576 — no trade (position-open)
[orv 20:27:55] scan BTC K=62814 yes 0.18/0.19909 fair 0.1575 — no trade (position-open)
[orv 20:27:56] SUMMARY open=1 settled=0 early=0 W/L=0/0 locked=$77 realised=$0.00 fees=$0.00
[orv 20:28:13] scan BTC K=62814 yes 0.18/0.19909 fair 0.1574 — no trade (position-open)
[orv 20:28:31] scan BTC K=62814 yes 0.18/0.19909 fair 0.1618 — no trade (position-open)
[orv 20:28:49] scan BTC K=62814 yes 0.18/0.19909 fair 0.1618 — no trade (position-open)
[orv 20:29:07] scan BTC K=62814 yes 0.18/0.19909 fair 0.1617 — no trade (position-open)
[orv 20:29:25] scan BTC K=62814 yes 0.18/0.205 fair 0.1616 — no trade (position-open)
[orv 20:29:44] scan BTC K=62814 yes 0.18055/0.205 fair 0.1631 — no trade (position-open)
[orv 20:30:01] scan BTC K=62814 yes 0.18055/0.205 fair 0.1630 — no trade (position-open)
[orv 20:30:19] scan BTC K=62814 yes 0.19277/0.2077 fair 0.1630 — no trade (position-open)
[orv 20:30:36] scan BTC K=62814 yes 0.19277/0.2085 fair 0.1629 — no trade (position-open)
[orv 20:30:54] scan BTC K=62814 yes 0.19277/0.2085 fair 0.1691 — no trade (position-open)
[orv 20:31:12] scan BTC K=62814 yes 0.19277/0.21 fair 0.1690 — no trade (position-open)
[orv 20:31:30] scan BTC K=62814 yes 0.19277/0.21 fair 0.1690 — no trade (position-open)
[orv 20:31:47] scan BTC K=62814 yes 0.19277/0.2019 fair 0.1689 — no trade (position-open)
[orv 20:32:05] scan BTC K=62814 yes 0.18851/0.2019 fair 0.1632 — no trade (position-open)
[orv 20:32:23] scan BTC K=62814 yes 0.18851/0.2 fair 0.1631 — no trade (position-open)
[orv 20:32:40] scan BTC K=62814 yes 0.182/0.2 fair 0.1631 — no trade (position-open)
[orv 20:32:59] scan BTC K=62814 yes 0.182/0.2 fair 0.1630 — no trade (position-open)
[orv 20:33:16] scan BTC K=62814 yes 0.182/0.2019 fair 0.1641 — no trade (position-open)
[orv 20:33:34] scan BTC K=62814 yes 0.182/0.2 fair 0.1641 — no trade (position-open)
[orv 20:33:52] scan BTC K=62814 yes 0.171/0.19948 fair 0.1640 — no trade (position-open)
[orv 20:34:10] scan BTC K=62814 yes 0.171/0.19948 fair 0.1639 — no trade (position-open)
[orv 20:34:46] scan BTC K=62814 yes 0.171/0.19836 fair 0.1659 — no trade (position-open)
[orv 20:35:04] scan BTC K=62814 yes 0.183/0.19233 fair 0.1659 — no trade (position-open)
[orv 20:35:22] scan BTC K=62814 yes 0.183/0.2019 fair 0.1658 — no trade (position-open)
[orv 20:35:39] scan BTC K=62814 yes 0.183/0.2019 fair 0.1773 — no trade (position-open)
[orv 20:35:57] scan BTC K=62814 yes 0.183/0.2019 fair 0.1772 — no trade (position-open)
[orv 20:36:15] scan BTC K=62814 yes 0.183/0.19245 fair 0.1771 — no trade (position-open)
[orv 20:36:33] scan BTC K=62814 yes 0.183/0.19245 fair 0.1771 — no trade (position-open)
[orv 20:36:51] scan BTC K=62814 yes 0.183/0.1997 fair 0.1677 — no trade (position-open)
[orv 20:37:08] scan BTC K=62814 yes 0.183/0.19 fair 0.1676 — no trade (position-open)
[orv 20:37:26] scan BTC K=62814 yes 0.18/0.19 fair 0.1676 — no trade (position-open)
[orv 20:37:43] scan BTC K=62814 yes 0.18/0.1997 fair 0.1675 — no trade (position-open)
[orv 20:38:01] scan BTC K=62814 yes 0.18/0.19 fair 0.1695 — no trade (position-open)
[orv 20:38:02] SUMMARY open=1 settled=0 early=0 W/L=0/0 locked=$77 realised=$0.00 fees=$0.00
[orv 20:38:18] scan BTC K=62814 yes 0.175/0.19 fair 0.1694 — no trade (position-open)
[orv 20:39:30] scan BTC K=62814 yes 0.18/0.19879 fair 0.1702 — no trade (position-open)
[orv 20:39:48] scan BTC K=62814 yes 0.18/0.19587 fair 0.1702 — no trade (position-open)
[orv 20:40:05] scan BTC K=62814 yes 0.18/0.19587 fair 0.1701 — no trade (position-open)
[orv 20:40:23] scan BTC K=62814 yes 0.18/0.19587 fair 0.1742 — no trade (position-open)
[orv 20:41:54] scan BTC K=62814 yes 0.18/0.19587 fair 0.1745 — no trade (position-open)
[orv 20:42:11] scan BTC K=62814 yes 0.18/0.19587 fair 0.1744 — no trade (position-open)
[orv 20:42:29] scan BTC K=62814 yes 0.18/0.19587 fair 0.1744 — no trade (position-open)
[orv 20:47:31] scan BTC K=62814 yes 0.14235/0.16 fair 0.1364 — no trade (position-open)
[orv 20:47:49] scan BTC K=62814 yes 0.14235/0.15 fair 0.1363 — no trade (position-open)
[orv 20:48:07] scan BTC K=62814 yes 0.14235/0.16 fair 0.1362 — no trade (position-open)
[orv 20:48:07] SUMMARY open=1 settled=0 early=0 W/L=0/0 locked=$77 realised=$0.00 fees=$0.00
[orv 20:48:25] scan BTC K=62814 yes 0.14235/0.15 fair 0.1362 — no trade (position-open)
[orv 20:48:42] scan BTC K=62814 yes 0.14235/0.15 fair 0.1288 — no trade (position-open)
[orv 20:49:01] scan BTC K=62814 yes 0.14235/0.15 fair 0.1287 — no trade (position-open)
[orv 20:49:18] scan BTC K=62814 yes 0.14617/0.15 fair 0.1286 — no trade (position-open)
[orv 20:49:36] scan BTC K=62814 yes 0.14617/0.15 fair 0.1286 — no trade (position-open)
[orv 20:49:53] scan BTC K=62814 yes 0.14617/0.15467 fair 0.1223 — no trade (position-open)
[orv 20:50:11] scan BTC K=62814 yes 0.14617/0.15467 fair 0.1223 — no trade (position-open)
[orv 20:50:28] scan BTC K=62814 yes 0.14617/0.15467 fair 0.1222 — no trade (position-open)
[orv 20:50:47] scan BTC K=62814 yes 0.14617/0.15467 fair 0.1221 — no trade (position-open)
[orv 20:51:04] scan BTC K=62814 yes 0.14617/0.15 fair 0.1192 — no trade (position-open)
[orv 20:51:22] scan BTC K=62814 yes 0.14235/0.153 fair 0.1191 — no trade (position-open)
[orv 20:51:40] scan BTC K=62814 yes 0.14235/0.156 fair 0.1190 — no trade (position-open)
[orv 20:51:57] scan BTC K=62814 yes 0.14235/0.16 fair 0.1190 — no trade (position-open)
[orv 20:52:15] scan BTC K=62814 yes 0.14235/0.163 fair 0.1213 — no trade (position-open)
[orv 20:52:33] scan BTC K=62814 yes 0.14593/0.166 fair 0.1212 — no trade (position-open)
[orv 20:52:51] scan BTC K=62814 yes 0.14593/0.166 fair 0.1211 — no trade (position-open)
[orv 20:53:08] scan BTC K=62814 yes 0.14593/0.166 fair 0.1211 — no trade (position-open)
[orv 20:53:26] scan BTC K=62814 yes 0.16/0.176 fair 0.1340 — no trade (position-open)
[orv 20:53:43] scan BTC K=62814 yes 0.16/0.179 fair 0.1340 — no trade (position-open)
[orv 20:54:01] scan BTC K=62814 yes 0.16/0.179 fair 0.1339 — no trade (position-open)
[orv 20:54:19] scan BTC K=62814 yes 0.16/0.179 fair 0.1338 — no trade (position-open)
[orv 20:54:37] scan BTC K=62814 yes 0.16271/0.182 fair 0.1402 — no trade (position-open)
[orv 20:54:55] scan BTC K=62814 yes 0.16271/0.182 fair 0.1402 — no trade (position-open)
[orv 20:55:12] scan BTC K=62814 yes 0.16271/0.182 fair 0.1401 — no trade (position-open)
[orv 20:55:30] scan BTC K=62814 yes 0.16271/0.186 fair 0.1400 — no trade (position-open)
[orv 20:55:47] scan BTC K=62814 yes 0.17/0.186 fair 0.1438 — no trade (position-open)
[orv 20:56:05] scan BTC K=62814 yes 0.16271/0.186 fair 0.1437 — no trade (position-open)
[orv 20:56:23] scan BTC K=62814 yes 0.16271/0.186 fair 0.1437 — no trade (position-open)
[orv 20:56:40] scan BTC K=62814 yes 0.16271/0.186 fair 0.1436 — no trade (position-open)
[orv 20:56:57] scan BTC K=62814 yes 0.16271/0.186 fair 0.1436 — no trade (position-open)
[orv 20:57:15] scan BTC K=62814 yes 0.16271/0.186 fair 0.1436 — no trade (position-open)
[orv 20:57:32] scan BTC K=62814 yes 0.16271/0.186 fair 0.1435 — no trade (position-open)
[orv 20:57:49] scan BTC K=62814 yes 0.16271/0.186 fair 0.1435 — no trade (position-open)
[orv 20:58:07] scan BTC K=62814 yes 0.16271/0.186 fair 0.1436 — no trade (position-open)
[orv 20:58:24] scan BTC K=62814 yes 0.17/0.186 fair 0.1435 — no trade (position-open)
[orv 20:58:25] SUMMARY open=1 settled=0 early=0 W/L=0/0 locked=$77 realised=$0.00 fees=$0.00
[orv 20:58:42] scan BTC K=62814 yes 0.17/0.186 fair 0.1435 — no trade (position-open)
[orv 20:58:59] scan BTC K=62814 yes 0.17229/0.193 fair 0.1434 — no trade (position-open)
[orv 20:59:17] scan BTC K=62814 yes 0.18/0.198 fair 0.1569 — no trade (position-open)
[orv 20:59:34] scan BTC K=62814 yes 0.18/0.198 fair 0.1568 — no trade (position-open)
[orv 20:59:51] scan BTC K=62814 yes 0.18/0.198 fair 0.1568 — no trade (position-open)
[orv 21:00:09] scan BTC K=62814 yes 0.18/0.198 fair 0.1567 — no trade (position-open)
[orv 21:00:27] scan BTC K=62814 yes 0.18/0.198 fair 0.1575 — no trade (position-open)
[orv 21:00:44] scan BTC K=62814 yes 0.18/0.198 fair 0.1574 — no trade (position-open)
[orv 21:01:01] scan BTC K=62814 yes 0.18/0.198 fair 0.1573 — no trade (position-open)
[orv 21:01:18] scan BTC K=62814 yes 0.18/0.198 fair 0.1573 — no trade (position-open)
[orv 21:01:36] scan BTC K=62814 yes 0.1795/0.198 fair 0.1597 — no trade (position-open)
[orv 21:01:53] scan BTC K=62814 yes 0.1795/0.198 fair 0.1597 — no trade (position-open)
[orv 21:02:11] scan BTC K=62814 yes 0.17003/0.19653 fair 0.1596 — no trade (position-open)
[orv 21:02:29] scan BTC K=62814 yes 0.17003/0.19653 fair 0.1595 — no trade (position-open)
[orv 21:02:47] scan BTC K=62814 yes 0.16425/0.18991 fair 0.1489 — no trade (position-open)
[orv 21:03:04] scan BTC K=62814 yes 0.16425/0.18991 fair 0.1488 — no trade (position-open)
[orv 21:03:22] scan BTC K=62814 yes 0.16/0.188 fair 0.1488 — no trade (position-open)
[orv 21:03:40] scan BTC K=62814 yes 0.15972/0.18 fair 0.1487 — no trade (position-open)
[orv 21:03:57] scan BTC K=62814 yes 0.16/0.18 fair 0.1467 — no trade (position-open)
[orv 21:04:15] scan BTC K=62814 yes 0.16/0.18 fair 0.1466 — no trade (position-open)
[orv 21:04:32] scan BTC K=62814 yes 0.16/0.18 fair 0.1466 — no trade (position-open)
[orv 21:04:50] scan BTC K=62814 yes 0.16/0.18 fair 0.1465 — no trade (position-open)
[orv 21:05:08] scan BTC K=62814 yes 0.16/0.18 fair 0.1453 — no trade (position-open)
[orv 21:05:26] scan BTC K=62814 yes 0.16/0.18 fair 0.1453 — no trade (position-open)
[orv 21:05:44] scan BTC K=62814 yes 0.16/0.17914 fair 0.1452 — no trade (position-open)
[orv 21:06:01] scan BTC K=62814 yes 0.16/0.17241 fair 0.1451 — no trade (position-open)
[orv 21:06:19] scan BTC K=62814 yes 0.16/0.17241 fair 0.1421 — no trade (position-open)
[orv 21:06:37] scan BTC K=62814 yes 0.16/0.1792 fair 0.1420 — no trade (position-open)
[orv 21:06:55] scan BTC K=62814 yes 0.16/0.1792 fair 0.1420 — no trade (position-open)
[orv 21:07:12] scan BTC K=62814 yes 0.16/0.1792 fair 0.1419 — no trade (position-open)
[orv 21:07:12] ENTER BUY_NO ETH K=1781.3 @0.770 ×7 | fair=0.1911 edge=0.0339 | lock $5 for 8.9h
[orv 21:07:31] scan BTC K=62814 yes 0.16/0.1792 fair 0.1445 — no trade (position-open)
[orv 21:07:31] scan ETH K=1781.3 yes 0.23001/0.27317 fair 0.1936 — no trade (position-open)
[orv 21:07:48] scan BTC K=62814 yes 0.16/0.1792 fair 0.1444 — no trade (position-open)
[orv 21:07:48] scan ETH K=1781.3 yes 0.23001/0.27317 fair 0.1935 — no trade (position-open)
[orv 21:08:06] scan BTC K=62814 yes 0.16/0.1792 fair 0.1444 — no trade (position-open)
[orv 21:08:06] scan ETH K=1781.3 yes 0.23001/0.27317 fair 0.1935 — no trade (position-open)
[orv 21:08:23] scan BTC K=62814 yes 0.16/0.1792 fair 0.1443 — no trade (position-open)
[orv 21:08:24] scan ETH K=1781.3 yes 0.23001/0.28176 fair 0.1934 — no trade (position-open)
[orv 21:08:42] scan BTC K=62814 yes 0.16/0.1792 fair 0.1440 — no trade (position-open)
[orv 21:08:42] scan ETH K=1781.3 yes 0.23001/0.28176 fair 0.1963 — no trade (position-open)
[orv 21:08:42] SUMMARY open=2 settled=0 early=0 W/L=0/0 locked=$83 realised=$0.00 fees=$0.00
[orv 21:08:59] scan BTC K=62814 yes 0.16/0.1792 fair 0.1439 — no trade (position-open)
[orv 21:09:00] scan ETH K=1781.3 yes 0.23001/0.28176 fair 0.1963 — no trade (position-open)
[orv 21:09:17] scan BTC K=62814 yes 0.1595/0.1792 fair 0.1438 — no trade (position-open)
[orv 21:09:18] scan ETH K=1781.3 yes 0.23/0.28176 fair 0.1962 — no trade (position-open)
[orv 21:09:35] scan BTC K=62814 yes 0.153/0.16 fair 0.1438 — no trade (position-open)
[orv 21:09:53] scan BTC K=62814 yes 0.145/0.16 fair 0.1249 — no trade (position-open)
[orv 21:10:11] scan BTC K=62814 yes 0.145/0.1605 fair 0.1248 — no trade (position-open)
[orv 21:10:28] scan BTC K=62814 yes 0.145/0.1605 fair 0.1248 — no trade (position-open)
[orv 21:10:46] scan BTC K=62814 yes 0.145/0.15428 fair 0.1247 — no trade (position-open)
[orv 21:11:04] scan BTC K=62814 yes 0.145/0.15428 fair 0.1202 — no trade (position-open)
[orv 21:11:22] scan BTC K=62814 yes 0.145/0.15428 fair 0.1201 — no trade (position-open)
[orv 21:11:39] scan BTC K=62814 yes 0.145/0.15428 fair 0.1201 — no trade (position-open)
[orv 21:11:57] scan BTC K=62814 yes 0.1475/0.15 fair 0.1200 — no trade (position-open)
[orv 21:12:15] scan BTC K=62814 yes 0.145/0.153 fair 0.1073 — no trade (position-open)
[orv 21:12:15] scan ETH K=1781.3 yes 0.16383/0.24371 fair 0.1571 — no trade (position-open)
[orv 21:12:33] scan BTC K=62814 yes 0.1475/0.153 fair 0.1073 — no trade (position-open)
[orv 21:12:33] scan ETH K=1781.3 yes 0.16383/0.233 fair 0.1570 — no trade (position-open)
[orv 21:12:51] scan BTC K=62814 yes 0.1475/0.153 fair 0.1072 — no trade (position-open)
[orv 21:12:51] scan ETH K=1781.3 yes 0.16383/0.233 fair 0.1570 — no trade (position-open)
[orv 21:13:08] scan BTC K=62814 yes 0.1475/0.153 fair 0.1071 — no trade (position-open)
[orv 21:13:09] scan ETH K=1781.3 yes 0.16383/0.233 fair 0.1569 — no trade (position-open)
[orv 21:13:27] scan BTC K=62814 yes 0.1475/0.153 fair 0.1079 — no trade (position-open)
[orv 21:13:44] scan BTC K=62814 yes 0.14235/0.14771 fair 0.1078 — no trade (position-open)
[orv 21:14:02] scan BTC K=62814 yes 0.14235/0.15 fair 0.1078 — no trade (position-open)
[orv 21:14:19] scan BTC K=62814 yes 0.14235/0.15821 fair 0.1077 — no trade (position-open)
[orv 21:14:37] scan BTC K=62814 yes 0.14235/0.15821 fair 0.1102 — no trade (position-open)
[orv 21:14:54] scan BTC K=62814 yes 0.14235/0.15821 fair 0.1101 — no trade (position-open)
[orv 21:15:12] scan BTC K=62814 yes 0.14345/0.1665 fair 0.1101 — no trade (position-open)
[orv 21:15:29] scan BTC K=62814 yes 0.14345/0.16 fair 0.1100 — no trade (position-open)
[orv 21:15:47] scan BTC K=62814 yes 0.14235/0.16 fair 0.1112 — no trade (position-open)
[orv 21:15:47] scan ETH K=1781.3 yes 0.16383/0.24371 fair 0.1581 — no trade (position-open)
[orv 21:16:04] scan BTC K=62814 yes 0.14235/0.16 fair 0.1111 — no trade (position-open)
[orv 21:16:05] scan ETH K=1781.3 yes 0.16383/0.24371 fair 0.1581 — no trade (position-open)
[orv 21:16:22] scan BTC K=62814 yes 0.143/0.16 fair 0.1111 — no trade (position-open)
[orv 21:16:22] scan ETH K=1781.3 yes 0.16383/0.24371 fair 0.1580 — no trade (position-open)
[orv 21:16:39] scan BTC K=62814 yes 0.143/0.16 fair 0.1110 — no trade (position-open)
[orv 21:16:39] scan ETH K=1781.3 yes 0.16383/0.24371 fair 0.1580 — no trade (position-open)
[orv 21:16:57] scan BTC K=62814 yes 0.143/0.16 fair 0.1110 — no trade (position-open)
[orv 21:17:15] scan BTC K=62814 yes 0.143/0.16 fair 0.1109 — no trade (position-open)
[orv 21:17:32] scan BTC K=62814 yes 0.143/0.15949 fair 0.1108 — no trade (position-open)
[orv 21:17:50] scan BTC K=62814 yes 0.143/0.15949 fair 0.1108 — no trade (position-open)
[orv 21:18:08] scan BTC K=62814 yes 0.143/0.15949 fair 0.1084 — no trade (position-open)
[orv 21:18:25] scan BTC K=62814 yes 0.143/0.15949 fair 0.1084 — no trade (position-open)
[orv 21:18:43] scan BTC K=62814 yes 0.143/0.15949 fair 0.1083 — no trade (position-open)
[orv 21:18:43] SUMMARY open=2 settled=0 early=0 W/L=0/0 locked=$83 realised=$0.00 fees=$0.00
[orv 21:19:00] scan BTC K=62814 yes 0.143/0.15949 fair 0.1082 — no trade (position-open)
[orv 21:19:18] scan BTC K=62814 yes 0.143/0.16 fair 0.1098 — no trade (position-open)
[orv 21:19:36] scan BTC K=62814 yes 0.143/0.16 fair 0.1098 — no trade (position-open)
[orv 21:19:53] scan BTC K=62814 yes 0.143/0.16 fair 0.1097 — no trade (position-open)
[orv 21:20:11] scan BTC K=62814 yes 0.143/0.16 fair 0.1096 — no trade (position-open)
[orv 21:20:28] scan BTC K=62814 yes 0.14724/0.168 fair 0.1143 — no trade (position-open)
[orv 21:20:46] scan BTC K=62814 yes 0.14724/0.16934 fair 0.1143 — no trade (position-open)
[orv 21:21:04] scan BTC K=62814 yes 0.15145/0.16934 fair 0.1142 — no trade (position-open)
[orv 21:21:04] scan ETH K=1781.3 yes 0.17592/0.25099 fair 0.1709 — no trade (position-open)
[orv 21:21:21] scan BTC K=62814 yes 0.15145/0.16934 fair 0.1141 — no trade (position-open)
[orv 21:21:22] scan ETH K=1781.3 yes 0.17592/0.25099 fair 0.1708 — no trade (position-open)
[orv 21:21:39] scan BTC K=62814 yes 0.15145/0.16934 fair 0.1205 — no trade (position-open)
[orv 21:21:57] scan BTC K=62814 yes 0.15145/0.16934 fair 0.1204 — no trade (position-open)
[orv 21:22:14] scan BTC K=62814 yes 0.15145/0.16934 fair 0.1204 — no trade (position-open)
[orv 21:22:31] scan BTC K=62814 yes 0.15145/0.16934 fair 0.1203 — no trade (position-open)
[orv 21:22:49] scan BTC K=62814 yes 0.15145/0.16934 fair 0.1169 — no trade (position-open)
[orv 21:22:50] scan ETH K=1781.3 yes 0.17592/0.25099 fair 0.1700 — no trade (position-open)
[orv 21:23:07] scan BTC K=62814 yes 0.15145/0.16934 fair 0.1169 — no trade (position-open)
[orv 21:23:07] scan ETH K=1781.3 yes 0.17592/0.251 fair 0.1699 — no trade (position-open)
[orv 21:23:25] scan BTC K=62814 yes 0.14628/0.16934 fair 0.1168 — no trade (position-open)
[orv 21:23:42] scan BTC K=62814 yes 0.14628/0.15781 fair 0.1167 — no trade (position-open)
[orv 21:24:00] scan BTC K=62814 yes 0.14628/0.15781 fair 0.1152 — no trade (position-open)
[orv 21:24:18] scan BTC K=62814 yes 0.143/0.15781 fair 0.1152 — no trade (position-open)
[orv 21:24:35] scan BTC K=62814 yes 0.143/0.15075 fair 0.1151 — no trade (position-open)
[orv 21:24:52] scan BTC K=62814 yes 0.14/0.15 fair 0.1151 — no trade (position-open)
[orv 21:25:11] scan BTC K=62814 yes 0.14/0.145 fair 0.0963 — no trade (position-open)
[orv 21:25:12] scan ETH K=1781.3 yes 0.17465/0.23878 fair 0.1571 — no trade (position-open)
[orv 21:25:29] scan BTC K=62814 yes 0.13/0.14 fair 0.0962 — no trade (position-open)
[orv 21:25:47] scan BTC K=62814 yes 0.128/0.1395 fair 0.0962 — no trade (position-open)
[orv 21:26:04] TAKE-PROFIT BTC K=62814 side=NO exit=0.872 realised=$2.60
[orv 21:26:04] scan BTC K=62814 yes 0.11373/0.12751 fair 0.0961 — no trade (edge 0.0126 < min 0.03)
[orv 21:26:22] scan BTC K=62814 yes 0.124/0.14 fair 0.0891 — no trade (edge 0.0299 < min 0.03)
[orv 21:26:40] scan BTC K=62814 yes 0.124/0.14 fair 0.0890 — no trade (edge 0.0300 < min 0.03)
[orv 21:26:57] ENTER BUY_NO BTC K=62814 @0.876 ×500 | fair=0.0890 edge=0.0300 | lock $438 for 8.6h
[orv 21:27:16] scan BTC K=62814 yes 0.124/0.14 fair 0.0889 — no trade (position-open)
[orv 21:27:33] scan BTC K=62814 yes 0.121/0.13 fair 0.0820 — no trade (position-open)
[orv 21:27:51] scan BTC K=62814 yes 0.121/0.13 fair 0.0820 — no trade (position-open)
[orv 21:28:08] scan BTC K=62814 yes 0.121/0.13 fair 0.0819 — no trade (position-open)
[orv 21:28:26] scan BTC K=62814 yes 0.121/0.13 fair 0.0819 — no trade (position-open)
[orv 21:28:43] scan BTC K=62814 yes 0.121/0.13 fair 0.0821 — no trade (position-open)
[orv 21:28:44] SUMMARY open=2 settled=0 early=1 W/L=1/0 locked=$443 realised=$2.60 fees=$0.46
[orv 21:29:01] scan BTC K=62814 yes 0.121/0.13763 fair 0.0820 — no trade (position-open)
[orv 21:29:19] scan BTC K=62814 yes 0.121/0.13763 fair 0.0819 — no trade (position-open)
[orv 21:29:37] scan BTC K=62814 yes 0.121/0.13 fair 0.0819 — no trade (position-open)
[orv 21:29:55] scan BTC K=62814 yes 0.121/0.13 fair 0.0836 — no trade (position-open)
[orv 21:30:12] scan BTC K=62814 yes 0.121/0.13 fair 0.0835 — no trade (position-open)
[orv 21:30:30] scan BTC K=62814 yes 0.121/0.13 fair 0.0835 — no trade (position-open)
[orv 21:30:47] scan BTC K=62814 yes 0.121/0.13 fair 0.0834 — no trade (position-open)
[orv 21:31:05] scan BTC K=62814 yes 0.121/0.13533 fair 0.0847 — no trade (position-open)
[orv 21:31:05] scan ETH K=1781.3 yes 0.14467/0.20399 fair 0.1345 — no trade (position-open)
[orv 21:31:22] scan BTC K=62814 yes 0.121/0.13 fair 0.0847 — no trade (position-open)
[orv 21:31:40] scan BTC K=62814 yes 0.117/0.13 fair 0.0846 — no trade (position-open)
[orv 21:31:58] scan BTC K=62814 yes 0.117/0.13 fair 0.0845 — no trade (position-open)
[orv 21:31:58] TAKE-PROFIT ETH K=1781.3 side=NO exit=0.808 realised=$0.23
[orv 21:32:15] scan BTC K=62814 yes 0.117/0.13 fair 0.0803 — no trade (position-open)
[orv 21:32:33] scan BTC K=62814 yes 0.11831/0.13985 fair 0.0803 — no trade (position-open)
[orv 21:32:33] scan ETH K=1781.3 yes 0.12772/0.20815 fair 0.1156 — no trade (edge 0.0071 < min 0.03)
[orv 21:32:51] scan BTC K=62814 yes 0.12923/0.14 fair 0.0802 — no trade (position-open)
[orv 21:32:51] scan ETH K=1781.3 yes 0.12772/0.20815 fair 0.1156 — no trade (edge 0.0071 < min 0.03)
[orv 21:33:08] scan BTC K=62814 yes 0.12923/0.14 fair 0.0802 — no trade (position-open)
[orv 21:33:08] scan ETH K=1781.3 yes 0.12772/0.19899 fair 0.1155 — no trade (edge 0.0072 < min 0.03)
[orv 21:33:26] scan BTC K=62814 yes 0.12923/0.14 fair 0.0906 — no trade (position-open)
[orv 21:33:44] scan BTC K=62814 yes 0.12923/0.14 fair 0.0906 — no trade (position-open)
[orv 21:34:02] scan BTC K=62814 yes 0.12923/0.14 fair 0.0905 — no trade (position-open)
[orv 21:34:19] scan BTC K=62814 yes 0.12923/0.14 fair 0.0905 — no trade (position-open)
[orv 21:34:36] scan BTC K=62814 yes 0.12923/0.14 fair 0.0900 — no trade (position-open)
[orv 21:34:37] scan ETH K=1781.3 yes 0.12669/0.19 fair 0.1210 — no trade (edge 0.0007 < min 0.03)
[orv 21:34:54] scan BTC K=62814 yes 0.12923/0.14 fair 0.0900 — no trade (position-open)
[orv 21:34:55] scan ETH K=1781.3 yes 0.12668/0.18999 fair 0.1209 — no trade (edge 0.0007 < min 0.03)
[orv 21:35:12] scan BTC K=62814 yes 0.12923/0.14 fair 0.0899 — no trade (position-open)
[orv 21:35:13] scan ETH K=1781.3 yes 0.12669/0.18999 fair 0.1209 — no trade (edge 0.0008 < min 0.03)
[orv 21:35:30] scan BTC K=62814 yes 0.12908/0.14 fair 0.0899 — no trade (position-open)
[orv 21:35:47] scan BTC K=62814 yes 0.12908/0.14 fair 0.0890 — no trade (position-open)
[orv 21:35:48] scan ETH K=1781.3 yes 0.12044/0.19756 fair 0.1152 — no trade (edge 0.0003 < min 0.03)
[orv 21:36:05] scan BTC K=62814 yes 0.12908/0.13 fair 0.0889 — no trade (position-open)
[orv 21:36:22] scan BTC K=62814 yes 0.12908/0.13 fair 0.0889 — no trade (position-open)
[orv 21:36:40] scan BTC K=62814 yes 0.124/0.13 fair 0.0888 — no trade (position-open)
[orv 21:36:58] scan BTC K=62814 yes 0.124/0.13 fair 0.0869 — no trade (position-open)
[orv 21:37:15] scan BTC K=62814 yes 0.116/0.1242 fair 0.0868 — no trade (position-open)
[orv 21:37:33] scan BTC K=62814 yes 0.10658/0.13 fair 0.0868 — no trade (position-open)
[orv 21:37:50] scan BTC K=62814 yes 0.113/0.13 fair 0.0867 — no trade (position-open)
[orv 21:38:07] scan BTC K=62814 yes 0.10658/0.114 fair 0.0687 — no trade (position-open)
[orv 21:38:08] scan ETH K=1781.3 yes 0.11296/0.18911 fair 0.1038 — no trade (edge 0.0042 < min 0.03)
[orv 21:38:25] scan BTC K=62814 yes 0.101/0.10606 fair 0.0687 — no trade (position-open)
[orv 21:38:43] scan BTC K=62814 yes 0.106/0.1187 fair 0.0686 — no trade (position-open)
[orv 21:39:00] scan BTC K=62814 yes 0.106/0.1187 fair 0.0685 — no trade (position-open)
[orv 21:39:01] SUMMARY open=1 settled=0 early=2 W/L=2/0 locked=$438 realised=$2.83 fees=$0.49
[orv 21:39:18] scan BTC K=62814 yes 0.106/0.1187 fair 0.0638 — no trade (position-open)
[orv 21:39:35] scan BTC K=62814 yes 0.106/0.1187 fair 0.0637 — no trade (position-open)
[orv 21:39:53] scan BTC K=62814 yes 0.106/0.1187 fair 0.0637 — no trade (position-open)
[orv 21:40:11] scan BTC K=62814 yes 0.1/0.11374 fair 0.0636 — no trade (position-open)
[orv 21:40:28] scan BTC K=62814 yes 0.096/0.11374 fair 0.0615 — no trade (position-open)
[orv 21:40:29] scan ETH K=1781.3 yes 0.09653/0.16017 fair 0.0891 — no trade (edge 0.0024 < min 0.03)
[orv 21:40:46] scan BTC K=62814 yes 0.10095/0.1089 fair 0.0615 — no trade (position-open)
[orv 21:40:46] scan ETH K=1781.3 yes 0.09653/0.16017 fair 0.0891 — no trade (edge 0.0024 < min 0.03)
[orv 21:41:04] TAKE-PROFIT BTC K=62814 side=NO exit=0.905 realised=$12.08
[orv 21:41:04] scan BTC K=62814 yes 0.09/0.09485 fair 0.0614 — no trade (edge 0.0236 < min 0.03)
[orv 21:41:05] scan ETH K=1781.3 yes 0.09652/0.144 fair 0.0890 — no trade (edge 0.0025 < min 0.03)
[orv 21:41:21] scan BTC K=62814 yes 0.09/0.09485 fair 0.0614 — no trade (edge 0.0236 < min 0.03)
[orv 21:41:22] scan ETH K=1781.3 yes 0.09653/0.14399 fair 0.0890 — no trade (edge 0.0025 < min 0.03)
[orv 21:41:40] scan BTC K=62814 yes 0.09/0.10404 fair 0.0577 — no trade (edge 0.0273 < min 0.03)
[orv 21:41:40] scan ETH K=1781.3 yes 0.09653/0.14399 fair 0.0894 — no trade (edge 0.0021 < min 0.03)
[orv 21:41:57] scan BTC K=62814 yes 0.09/0.10404 fair 0.0576 — no trade (edge 0.0274 < min 0.03)
[orv 21:41:58] scan ETH K=1781.3 yes 0.09653/0.144 fair 0.0894 — no trade (edge 0.0022 < min 0.03)
[orv 21:42:15] ENTER BUY_NO BTC K=62814 @0.903 ×93 | fair=0.0576 edge=0.0345 | lock $84 for 8.3h
[orv 21:42:33] scan BTC K=62814 yes 0.09702/0.10404 fair 0.0575 — no trade (position-open)
[orv 21:42:51] scan BTC K=62814 yes 0.09702/0.10404 fair 0.0599 — no trade (position-open)
[orv 21:43:08] scan BTC K=62814 yes 0.09702/0.1045 fair 0.0599 — no trade (position-open)
[orv 21:43:26] scan BTC K=62814 yes 0.09702/0.10869 fair 0.0598 — no trade (position-open)
[orv 21:43:45] scan BTC K=62814 yes 0.09702/0.10869 fair 0.0598 — no trade (position-open)
[orv 21:44:02] scan BTC K=62814 yes 0.10093/0.11345 fair 0.0658 — no trade (position-open)
[orv 21:44:20] scan BTC K=62814 yes 0.10048/0.117 fair 0.0658 — no trade (position-open)
[orv 21:44:38] scan BTC K=62814 yes 0.10048/0.117 fair 0.0657 — no trade (position-open)
[orv 21:44:56] scan BTC K=62814 yes 0.10874/0.12 fair 0.0657 — no trade (position-open)
[orv 21:45:14] scan BTC K=62814 yes 0.11048/0.124 fair 0.0714 — no trade (position-open)
[orv 21:45:31] scan BTC K=62814 yes 0.10874/0.12 fair 0.0714 — no trade (position-open)
[orv 21:45:49] scan BTC K=62814 yes 0.09943/0.10499 fair 0.0713 — no trade (position-open)
[orv 21:46:06] scan BTC K=62814 yes 0.09387/0.10499 fair 0.0713 — no trade (position-open)
[orv 21:46:24] scan BTC K=62814 yes 0.0982/0.10499 fair 0.0633 — no trade (position-open)
[orv 21:46:42] scan BTC K=62814 yes 0.09876/0.10499 fair 0.0632 — no trade (position-open)
[orv 21:47:00] scan BTC K=62814 yes 0.1/0.10499 fair 0.0632 — no trade (position-open)
[orv 21:47:17] scan BTC K=62814 yes 0.1/0.10499 fair 0.0631 — no trade (position-open)
[orv 21:47:17] scan ETH K=1781.3 yes 0.1155/0.18894 fair 0.1022 — no trade (edge 0.0083 < min 0.03)
[orv 21:47:35] scan BTC K=62814 yes 0.0995/0.10499 fair 0.0665 — no trade (position-open)
[orv 21:47:52] scan BTC K=62814 yes 0.10335/0.10499 fair 0.0665 — no trade (position-open)
[orv 21:48:10] scan BTC K=62814 yes 0.10335/0.11517 fair 0.0664 — no trade (position-open)
[orv 21:48:27] scan BTC K=62814 yes 0.10926/0.11517 fair 0.0664 — no trade (position-open)
[orv 21:48:44] scan BTC K=62814 yes 0.10926/0.11948 fair 0.0726 — no trade (position-open)
[orv 21:49:02] scan BTC K=62814 yes 0.10926/0.11948 fair 0.0725 — no trade (position-open)
[orv 21:49:03] SUMMARY open=1 settled=0 early=3 W/L=3/0 locked=$84 realised=$14.91 fees=$3.00
[orv 21:49:20] scan BTC K=62814 yes 0.11633/0.12868 fair 0.0725 — no trade (position-open)
[orv 21:49:21] scan ETH K=1781.3 yes 0.13053/0.20504 fair 0.1148 — no trade (edge 0.0107 < min 0.03)
[orv 21:49:37] scan BTC K=62814 yes 0.11652/0.12868 fair 0.0724 — no trade (position-open)
[orv 21:49:38] scan ETH K=1781.3 yes 0.13052/0.20505 fair 0.1147 — no trade (edge 0.0108 < min 0.03)
[orv 21:49:55] scan BTC K=62814 yes 0.11652/0.12868 fair 0.0767 — no trade (position-open)
[orv 21:49:56] scan ETH K=1781.3 yes 0.13053/0.20504 fair 0.1182 — no trade (edge 0.0073 < min 0.03)
[orv 21:50:13] scan BTC K=62814 yes 0.11036/0.12 fair 0.0766 — no trade (position-open)
[orv 21:50:14] scan ETH K=1781.3 yes 0.13053/0.178 fair 0.1182 — no trade (edge 0.0074 < min 0.03)
[orv 21:50:31] scan BTC K=62814 yes 0.11036/0.12 fair 0.0766 — no trade (position-open)
[orv 21:50:49] scan BTC K=62814 yes 0.11036/0.12 fair 0.0765 — no trade (position-open)
[orv 21:51:06] scan BTC K=62814 yes 0.11036/0.12 fair 0.0741 — no trade (position-open)
[orv 21:51:07] scan ETH K=1781.3 yes 0.11565/0.167 fair 0.1076 — no trade (edge 0.0031 < min 0.03)
[orv 21:51:25] scan BTC K=62814 yes 0.11036/0.12 fair 0.0740 — no trade (position-open)
[orv 21:51:25] scan ETH K=1781.3 yes 0.11565/0.167 fair 0.1075 — no trade (edge 0.0031 < min 0.03)
[orv 21:51:42] scan BTC K=62814 yes 0.11036/0.12 fair 0.0740 — no trade (position-open)
[orv 21:51:42] scan ETH K=1781.3 yes 0.11572/0.173 fair 0.1075 — no trade (edge 0.0033 < min 0.03)
[orv 21:52:00] scan BTC K=62814 yes 0.11577/0.12742 fair 0.0739 — no trade (position-open)
[orv 21:52:00] scan ETH K=1781.3 yes 0.11572/0.173 fair 0.1074 — no trade (edge 0.0033 < min 0.03)
[orv 21:52:17] scan BTC K=62814 yes 0.11974/0.13 fair 0.0818 — no trade (position-open)
[orv 21:52:36] scan BTC K=62814 yes 0.12431/0.14 fair 0.0817 — no trade (position-open)
[orv 21:52:36] scan ETH K=1781.3 yes 0.13213/0.20899 fair 0.1227 — no trade (edge 0.0045 < min 0.03)
[orv 21:52:53] scan BTC K=62814 yes 0.12431/0.14 fair 0.0816 — no trade (position-open)
[orv 21:52:53] scan ETH K=1781.3 yes 0.13213/0.20899 fair 0.1226 — no trade (edge 0.0045 < min 0.03)
[orv 21:53:11] scan BTC K=62814 yes 0.12431/0.13385 fair 0.0816 — no trade (position-open)
[orv 21:53:11] scan ETH K=1781.3 yes 0.13213/0.20899 fair 0.1226 — no trade (edge 0.0046 < min 0.03)
[orv 21:53:28] scan BTC K=62814 yes 0.12431/0.13385 fair 0.0847 — no trade (position-open)
[orv 21:53:29] scan ETH K=1781.3 yes 0.13213/0.20899 fair 0.1266 — no trade (edge 0.0005 < min 0.03)
[orv 21:53:46] scan BTC K=62814 yes 0.12431/0.13385 fair 0.0846 — no trade (position-open)
[orv 21:53:47] scan ETH K=1781.3 yes 0.13213/0.194 fair 0.1266 — no trade (edge 0.0005 < min 0.03)
[orv 21:54:04] scan BTC K=62814 yes 0.12543/0.14 fair 0.0846 — no trade (position-open)
[orv 21:54:05] scan ETH K=1781.3 yes 0.13213/0.19399 fair 0.1265 — no trade (edge 0.0006 < min 0.03)
[orv 21:54:22] scan BTC K=62814 yes 0.12543/0.14 fair 0.0845 — no trade (position-open)
[orv 21:54:22] scan ETH K=1781.3 yes 0.13213/0.19399 fair 0.1265 — no trade (edge 0.0007 < min 0.03)
[orv 21:54:41] scan BTC K=62814 yes 0.12543/0.14 fair 0.0886 — no trade (position-open)
[orv 21:54:58] scan BTC K=62814 yes 0.13148/0.14 fair 0.0886 — no trade (position-open)
[orv 21:55:15] scan BTC K=62814 yes 0.12655/0.14 fair 0.0885 — no trade (position-open)
[orv 21:55:33] scan BTC K=62814 yes 0.12655/0.14 fair 0.0884 — no trade (position-open)
[orv 21:55:50] scan BTC K=62814 yes 0.12655/0.14 fair 0.0900 — no trade (position-open)
[orv 21:56:08] scan BTC K=62814 yes 0.12655/0.14 fair 0.0899 — no trade (position-open)
[orv 21:56:25] scan BTC K=62814 yes 0.12655/0.14 fair 0.0898 — no trade (position-open)
[orv 21:56:26] scan ETH K=1781.3 yes 0.14699/0.20399 fair 0.1370 — no trade (edge 0.0050 < min 0.03)
[orv 21:56:43] scan BTC K=62814 yes 0.12596/0.13 fair 0.0898 — no trade (position-open)
[orv 21:56:44] scan ETH K=1781.3 yes 0.14699/0.20399 fair 0.1369 — no trade (edge 0.0050 < min 0.03)
[orv 21:57:01] scan BTC K=62814 yes 0.13189/0.145 fair 0.0931 — no trade (position-open)
[orv 21:57:01] scan ETH K=1781.3 yes 0.14699/0.204 fair 0.1380 — no trade (edge 0.0040 < min 0.03)
[orv 21:57:19] scan BTC K=62814 yes 0.13189/0.145 fair 0.0931 — no trade (position-open)
[orv 21:57:20] scan ETH K=1781.3 yes 0.14699/0.204 fair 0.1380 — no trade (edge 0.0040 < min 0.03)
[orv 21:57:37] scan BTC K=62814 yes 0.13726/0.15501 fair 0.0930 — no trade (position-open)
[orv 21:57:37] scan ETH K=1781.3 yes 0.14699/0.22364 fair 0.1379 — no trade (edge 0.0041 < min 0.03)
[orv 21:57:54] scan BTC K=62814 yes 0.1293/0.142 fair 0.0929 — no trade (position-open)
[orv 21:57:55] scan ETH K=1781.3 yes 0.147/0.22364 fair 0.1379 — no trade (edge 0.0041 < min 0.03)
[orv 21:58:12] scan BTC K=62814 yes 0.1293/0.143 fair 0.0967 — no trade (position-open)
[orv 21:58:30] scan BTC K=62814 yes 0.13/0.143 fair 0.0966 — no trade (position-open)
[orv 21:58:47] scan BTC K=62814 yes 0.1333/0.154 fair 0.0965 — no trade (position-open)
[orv 21:59:05] scan BTC K=62814 yes 0.14/0.154 fair 0.0965 — no trade (position-open)
[orv 21:59:05] SUMMARY open=1 settled=0 early=3 W/L=3/0 locked=$84 realised=$14.91 fees=$3.00
[orv 21:59:22] scan BTC K=62814 yes 0.1395/0.156 fair 0.1061 — no trade (position-open)
[orv 21:59:23] scan ETH K=1781.3 yes 0.16119/0.22299 fair 0.1531 — no trade (edge 0.0031 < min 0.03)
[orv 21:59:40] scan BTC K=62814 yes 0.12295/0.149 fair 0.1060 — no trade (position-open)
[orv 21:59:41] scan ETH K=1781.3 yes 0.16119/0.22299 fair 0.1531 — no trade (edge 0.0031 < min 0.03)
[orv 21:59:58] scan BTC K=62814 yes 0.12655/0.149 fair 0.1059 — no trade (position-open)
[orv 21:59:58] scan ETH K=1781.3 yes 0.16119/0.24249 fair 0.1530 — no trade (edge 0.0032 < min 0.03)
[orv 22:00:16] scan BTC K=62814 yes 0.12737/0.143 fair 0.1059 — no trade (position-open)
[orv 22:00:34] scan BTC K=62814 yes 0.12294/0.149 fair 0.0952 — no trade (position-open)
[orv 22:00:51] scan BTC K=62814 yes 0.13275/0.15587 fair 0.0951 — no trade (position-open)
[orv 22:01:10] scan BTC K=62814 yes 0.14/0.156 fair 0.0950 — no trade (position-open)
[orv 22:01:10] scan ETH K=1781.3 yes 0.17497/0.26485 fair 0.1560 — no trade (edge 0.0140 < min 0.03)
[orv 22:01:27] scan BTC K=62814 yes 0.14/0.158 fair 0.0950 — no trade (position-open)
[orv 22:01:27] scan ETH K=1781.3 yes 0.17497/0.26485 fair 0.1559 — no trade (edge 0.0141 < min 0.03)
[orv 22:01:45] scan BTC K=62814 yes 0.14127/0.158 fair 0.1099 — no trade (position-open)
[orv 22:02:02] scan BTC K=62814 yes 0.15/0.17257 fair 0.1098 — no trade (position-open)
[orv 22:02:20] scan BTC K=62814 yes 0.16277/0.17527 fair 0.1098 — no trade (position-open)
[orv 22:02:20] scan ETH K=1781.3 yes 0.19131/0.26485 fair 0.1783 — no trade (edge 0.0080 < min 0.03)
[orv 22:02:37] scan BTC K=62814 yes 0.16695/0.18024 fair 0.1097 — no trade (position-open)
[orv 22:02:38] scan ETH K=1781.3 yes 0.19131/0.26485 fair 0.1783 — no trade (edge 0.0080 < min 0.03)
[orv 22:02:55] scan BTC K=62814 yes 0.17155/0.18463 fair 0.1291 — no trade (position-open)
[orv 22:03:13] scan BTC K=62814 yes 0.167/0.18463 fair 0.1290 — no trade (position-open)
[orv 22:03:31] scan BTC K=62814 yes 0.17176/0.18463 fair 0.1289 — no trade (position-open)
[orv 22:03:48] scan BTC K=62814 yes 0.16478/0.18463 fair 0.1289 — no trade (position-open)
[orv 22:04:06] scan BTC K=62814 yes 0.14496/0.16 fair 0.1097 — no trade (position-open)
[orv 22:04:06] scan ETH K=1781.3 yes 0.17167/0.249 fair 0.1628 — no trade (edge 0.0039 < min 0.03)
[orv 22:04:23] scan BTC K=62814 yes 0.14496/0.16 fair 0.1096 — no trade (position-open)
[orv 22:04:41] scan BTC K=62814 yes 0.14091/0.16349 fair 0.1095 — no trade (position-open)
[orv 22:04:58] scan BTC K=62814 yes 0.15686/0.17549 fair 0.1095 — no trade (position-open)
[orv 22:04:58] scan ETH K=1781.3 yes 0.17713/0.24898 fair 0.1626 — no trade (edge 0.0095 < min 0.03)
[orv 22:05:15] scan BTC K=62814 yes 0.16/0.184 fair 0.1225 — no trade (position-open)
[orv 22:05:16] scan ETH K=1781.3 yes 0.19366/0.24899 fair 0.1812 — no trade (edge 0.0075 < min 0.03)
[orv 22:05:33] scan BTC K=62814 yes 0.17/0.18463 fair 0.1224 — no trade (position-open)
[orv 22:05:34] scan ETH K=1781.3 yes 0.19366/0.28584 fair 0.1811 — no trade (edge 0.0075 < min 0.03)
[orv 22:05:51] scan BTC K=62814 yes 0.17/0.18463 fair 0.1224 — no trade (position-open)
[orv 22:05:51] scan ETH K=1781.3 yes 0.19366/0.28584 fair 0.1811 — no trade (edge 0.0076 < min 0.03)
[orv 22:06:08] scan BTC K=62814 yes 0.16651/0.18463 fair 0.1223 — no trade (position-open)
[orv 22:06:09] scan ETH K=1781.3 yes 0.19365/0.25999 fair 0.1810 — no trade (edge 0.0076 < min 0.03)
[orv 22:06:26] scan BTC K=62814 yes 0.16651/0.18463 fair 0.1254 — no trade (position-open)
[orv 22:06:27] scan ETH K=1781.3 yes 0.19366/0.25999 fair 0.1813 — no trade (edge 0.0073 < min 0.03)
[orv 22:06:45] scan BTC K=62814 yes 0.16251/0.18463 fair 0.1253 — no trade (position-open)
[orv 22:07:02] scan BTC K=62814 yes 0.15804/0.18 fair 0.1252 — no trade (position-open)
[orv 22:07:19] scan BTC K=62814 yes 0.15323/0.17149 fair 0.1252 — no trade (position-open)
[orv 22:07:38] scan BTC K=62814 yes 0.15451/0.17986 fair 0.1199 — no trade (position-open)
[orv 22:07:55] scan BTC K=62814 yes 0.15451/0.17986 fair 0.1198 — no trade (position-open)
[orv 22:08:13] scan BTC K=62814 yes 0.16/0.18149 fair 0.1197 — no trade (position-open)
[orv 22:08:31] scan BTC K=62814 yes 0.16/0.18225 fair 0.1197 — no trade (position-open)
[orv 22:08:49] scan BTC K=62814 yes 0.16327/0.18225 fair 0.1246 — no trade (position-open)
[orv 22:09:07] scan BTC K=62814 yes 0.16327/0.18463 fair 0.1245 — no trade (position-open)
[orv 22:09:07] SUMMARY open=1 settled=0 early=3 W/L=3/0 locked=$84 realised=$14.91 fees=$3.00
[orv 22:09:25] scan BTC K=62814 yes 0.17395/0.18463 fair 0.1245 — no trade (position-open)
[orv 22:09:42] scan BTC K=62814 yes 0.17395/0.18463 fair 0.1244 — no trade (position-open)
[orv 22:10:00] scan BTC K=62814 yes 0.17395/0.18 fair 0.1215 — no trade (position-open)
[orv 22:10:01] scan ETH K=1781.3 yes 0.18913/0.25799 fair 0.1784 — no trade (edge 0.0057 < min 0.03)
[orv 22:10:18] scan BTC K=62814 yes 0.17395/0.18463 fair 0.1214 — no trade (position-open)
[orv 22:10:18] scan ETH K=1781.3 yes 0.18913/0.26554 fair 0.1784 — no trade (edge 0.0057 < min 0.03)
[orv 22:10:36] scan BTC K=62814 yes 0.15269/0.17 fair 0.1214 — no trade (position-open)
[orv 22:10:36] scan ETH K=1781.3 yes 0.18913/0.26554 fair 0.1783 — no trade (edge 0.0058 < min 0.03)
[orv 22:10:54] scan BTC K=62814 yes 0.15687/0.17 fair 0.1213 — no trade (position-open)
[orv 22:10:54] scan ETH K=1781.3 yes 0.18913/0.26554 fair 0.1783 — no trade (edge 0.0059 < min 0.03)
[orv 22:11:11] scan BTC K=62814 yes 0.14672/0.16 fair 0.1104 — no trade (position-open)
[orv 22:11:29] scan BTC K=62814 yes 0.15/0.16349 fair 0.1103 — no trade (position-open)
[orv 22:11:47] scan BTC K=62814 yes 0.16/0.1751 fair 0.1102 — no trade (position-open)
[orv 22:12:04] scan BTC K=62814 yes 0.16247/0.17899 fair 0.1101 — no trade (position-open)
[orv 22:12:05] scan ETH K=1781.3 yes 0.20444/0.27951 fair 0.1830 — no trade (edge 0.0164 < min 0.03)
[orv 22:12:22] scan BTC K=62814 yes 0.16247/0.18222 fair 0.1258 — no trade (position-open)
[orv 22:12:40] scan BTC K=62814 yes 0.16/0.179 fair 0.1257 — no trade (position-open)
[orv 22:12:57] scan BTC K=62814 yes 0.16/0.179 fair 0.1257 — no trade (position-open)
[orv 22:13:15] scan BTC K=62814 yes 0.16435/0.18463 fair 0.1256 — no trade (position-open)
[orv 22:13:16] scan ETH K=1781.3 yes 0.2124/0.29817 fair 0.2062 — no trade (edge 0.0012 < min 0.03)
[orv 22:13:33] scan BTC K=62814 yes 0.16002/0.18463 fair 0.1263 — no trade (position-open)
[orv 22:13:52] scan BTC K=62814 yes 0.16002/0.18463 fair 0.1262 — no trade (position-open)
[orv 22:13:52] scan ETH K=1781.3 yes 0.23001/0.29817 fair 0.2163 — no trade (edge 0.0087 < min 0.03)
[orv 22:14:10] scan BTC K=62814 yes 0.16002/0.18238 fair 0.1261 — no trade (position-open)
[orv 22:14:27] scan BTC K=62814 yes 0.16002/0.18238 fair 0.1260 — no trade (position-open)
[orv 22:14:45] scan BTC K=62814 yes 0.158/0.17909 fair 0.1216 — no trade (position-open)
[orv 22:14:45] scan ETH K=1781.3 yes 0.21257/0.28999 fair 0.1965 — no trade (edge 0.0111 < min 0.03)
[orv 22:15:02] scan BTC K=62814 yes 0.16/0.17909 fair 0.1215 — no trade (position-open)
[orv 22:15:02] scan ETH K=1781.3 yes 0.21257/0.28999 fair 0.1965 — no trade (edge 0.0111 < min 0.03)
[orv 22:15:20] scan BTC K=62814 yes 0.16/0.18039 fair 0.1214 — no trade (position-open)
[orv 22:15:38] scan BTC K=62814 yes 0.15982/0.18 fair 0.1213 — no trade (position-open)
[orv 22:15:56] scan BTC K=62814 yes 0.15022/0.17 fair 0.1143 — no trade (position-open)
[orv 22:16:14] scan BTC K=62814 yes 0.151/0.17 fair 0.1143 — no trade (position-open)
[orv 22:16:32] scan BTC K=62814 yes 0.15591/0.17312 fair 0.1142 — no trade (position-open)
[orv 22:16:49] scan BTC K=62814 yes 0.16007/0.17312 fair 0.1141 — no trade (position-open)
[orv 22:16:50] scan ETH K=1781.3 yes 0.21345/0.29629 fair 0.1951 — no trade (edge 0.0134 < min 0.03)
[orv 22:17:08] scan BTC K=62814 yes 0.16007/0.16999 fair 0.1231 — no trade (position-open)
[orv 22:17:25] scan BTC K=62814 yes 0.16497/0.17838 fair 0.1230 — no trade (position-open)
[orv 22:17:43] scan BTC K=62814 yes 0.1601/0.1747 fair 0.1229 — no trade (position-open)
[orv 22:18:01] scan BTC K=62814 yes 0.16021/0.16737 fair 0.1228 — no trade (position-open)
[orv 22:18:01] scan ETH K=1781.3 yes 0.21466/0.28399 fair 0.2093 — no trade (edge 0.0003 < min 0.03)
[orv 22:18:18] scan BTC K=62814 yes 0.16433/0.17195 fair 0.1289 — no trade (position-open)
[orv 22:18:36] scan BTC K=62814 yes 0.15983/0.17195 fair 0.1288 — no trade (position-open)
[orv 22:18:53] scan BTC K=62814 yes 0.16538/0.18 fair 0.1288 — no trade (position-open)
[orv 22:19:12] scan BTC K=62814 yes 0.16538/0.18 fair 0.1287 — no trade (position-open)
[orv 22:19:12] SUMMARY open=1 settled=0 early=3 W/L=3/0 locked=$84 realised=$14.91 fees=$3.00
[orv 22:19:29] scan BTC K=62814 yes 0.16538/0.18 fair 0.1286 — no trade (position-open)
[orv 22:19:47] scan BTC K=62814 yes 0.16538/0.18 fair 0.1285 — no trade (position-open)
[orv 22:20:04] scan BTC K=62814 yes 0.17079/0.18463 fair 0.1284 — no trade (position-open)
[orv 22:20:22] scan BTC K=62814 yes 0.16646/0.18 fair 0.1283 — no trade (position-open)
[orv 22:20:40] scan BTC K=62814 yes 0.17669/0.18463 fair 0.1344 — no trade (position-open)
[orv 22:20:40] scan ETH K=1781.3 yes 0.23185/0.29899 fair 0.2245 — no trade (edge 0.0023 < min 0.03)
[orv 22:20:58] scan BTC K=62814 yes 0.17254/0.18 fair 0.1343 — no trade (position-open)
[orv 22:21:17] scan BTC K=62814 yes 0.16353/0.18 fair 0.1342 — no trade (position-open)
[orv 22:21:34] scan BTC K=62814 yes 0.16353/0.18 fair 0.1342 — no trade (position-open)
[orv 22:21:52] scan BTC K=62814 yes 0.16353/0.18 fair 0.1251 — no trade (position-open)
[orv 22:22:10] scan BTC K=62814 yes 0.16353/0.18 fair 0.1250 — no trade (position-open)
[orv 22:22:27] scan BTC K=62814 yes 0.16817/0.18 fair 0.1249 — no trade (position-open)
[orv 22:22:28] scan ETH K=1781.3 yes 0.21152/0.29192 fair 0.1996 — no trade (edge 0.0069 < min 0.03)
[orv 22:22:45] scan BTC K=62814 yes 0.16817/0.18 fair 0.1249 — no trade (position-open)
[orv 22:22:46] scan ETH K=1781.3 yes 0.21152/0.29191 fair 0.1995 — no trade (edge 0.0070 < min 0.03)
[orv 22:23:03] scan BTC K=62814 yes 0.16376/0.18 fair 0.1243 — no trade (position-open)
[orv 22:23:21] scan BTC K=62814 yes 0.15899/0.17 fair 0.1242 — no trade (position-open)
[orv 22:23:39] scan BTC K=62814 yes 0.15899/0.17 fair 0.1241 — no trade (position-open)
[orv 22:23:57] scan BTC K=62814 yes 0.15/0.16949 fair 0.1240 — no trade (position-open)
[orv 22:24:15] scan BTC K=62814 yes 0.14557/0.165 fair 0.1076 — no trade (position-open)
[orv 22:24:34] scan BTC K=62814 yes 0.1414/0.16 fair 0.1075 — no trade (position-open)
[orv 22:24:52] scan BTC K=62814 yes 0.14541/0.16194 fair 0.1075 — no trade (position-open)
[orv 22:25:09] scan BTC K=62814 yes 0.14383/0.16194 fair 0.1074 — no trade (position-open)
[orv 22:25:27] scan BTC K=62814 yes 0.15/0.16841 fair 0.1150 — no trade (position-open)
[orv 22:25:45] scan BTC K=62814 yes 0.15/0.1705 fair 0.1149 — no trade (position-open)
[orv 22:26:02] scan BTC K=62814 yes 0.15/0.17 fair 0.1148 — no trade (position-open)
[orv 22:26:21] scan BTC K=62814 yes 0.15/0.17 fair 0.1147 — no trade (position-open)
[orv 22:26:38] scan BTC K=62814 yes 0.15/0.17 fair 0.1149 — no trade (position-open)
[orv 22:26:57] scan BTC K=62814 yes 0.15409/0.17149 fair 0.1149 — no trade (position-open)
[orv 22:27:14] scan BTC K=62814 yes 0.15409/0.17149 fair 0.1148 — no trade (position-open)
[orv 22:27:32] scan BTC K=62814 yes 0.15409/0.17149 fair 0.1147 — no trade (position-open)
[orv 22:27:50] scan BTC K=62814 yes 0.15409/0.17149 fair 0.1170 — no trade (position-open)
[orv 22:28:07] scan BTC K=62814 yes 0.15409/0.172 fair 0.1169 — no trade (position-open)
[orv 22:28:26] scan BTC K=62814 yes 0.15409/0.172 fair 0.1168 — no trade (position-open)
[orv 22:28:43] scan BTC K=62814 yes 0.15409/0.172 fair 0.1168 — no trade (position-open)
[orv 22:29:01] scan BTC K=62814 yes 0.15409/0.172 fair 0.1166 — no trade (position-open)
[orv 22:29:18] scan BTC K=62814 yes 0.14851/0.169 fair 0.1165 — no trade (position-open)
[orv 22:29:19] SUMMARY open=1 settled=0 early=3 W/L=3/0 locked=$84 realised=$14.91 fees=$3.00
[orv 22:29:36] scan BTC K=62814 yes 0.14771/0.16205 fair 0.1164 — no trade (position-open)
[orv 22:29:53] scan BTC K=62814 yes 0.14698/0.16205 fair 0.1164 — no trade (position-open)
[orv 22:30:12] scan BTC K=62814 yes 0.14698/0.16205 fair 0.1115 — no trade (position-open)
[orv 22:30:29] scan BTC K=62814 yes 0.1511/0.16205 fair 0.1115 — no trade (position-open)
[orv 22:30:47] scan BTC K=62814 yes 0.1511/0.16205 fair 0.1114 — no trade (position-open)
[orv 22:31:04] scan BTC K=62814 yes 0.1511/0.16205 fair 0.1113 — no trade (position-open)
[orv 22:31:22] scan BTC K=62814 yes 0.1553/0.16205 fair 0.1184 — no trade (position-open)
[orv 22:31:40] scan BTC K=62814 yes 0.1553/0.16205 fair 0.1183 — no trade (position-open)
[orv 22:31:58] scan BTC K=62814 yes 0.1553/0.16205 fair 0.1182 — no trade (position-open)
[orv 22:32:16] scan BTC K=62814 yes 0.13225/0.14 fair 0.1181 — no trade (position-open)
[orv 22:32:34] scan BTC K=62814 yes 0.128/0.14 fair 0.0913 — no trade (position-open)
[orv 22:32:51] scan BTC K=62814 yes 0.12413/0.14 fair 0.0912 — no trade (position-open)
[orv 22:33:09] scan BTC K=62814 yes 0.11992/0.14 fair 0.0911 — no trade (position-open)
[orv 22:33:26] scan BTC K=62814 yes 0.12084/0.14 fair 0.0911 — no trade (position-open)
[orv 22:33:45] scan BTC K=62814 yes 0.11992/0.13831 fair 0.0849 — no trade (position-open)
[orv 22:34:02] scan BTC K=62814 yes 0.11992/0.13831 fair 0.0848 — no trade (position-open)
[orv 22:34:20] scan BTC K=62814 yes 0.1238/0.14 fair 0.0847 — no trade (position-open)
[orv 22:34:37] scan BTC K=62814 yes 0.1238/0.14 fair 0.0847 — no trade (position-open)
[orv 22:34:56] scan BTC K=62814 yes 0.1238/0.14549 fair 0.0921 — no trade (position-open)
[orv 22:35:14] scan BTC K=62814 yes 0.12522/0.14601 fair 0.0920 — no trade (position-open)
[orv 22:35:31] scan BTC K=62814 yes 0.12522/0.14974 fair 0.0920 — no trade (position-open)
[orv 22:35:48] scan BTC K=62814 yes 0.12522/0.14974 fair 0.0919 — no trade (position-open)
[orv 22:36:07] scan BTC K=62814 yes 0.13195/0.15228 fair 0.0985 — no trade (position-open)
[orv 22:36:24] scan BTC K=62814 yes 0.13023/0.15 fair 0.0984 — no trade (position-open)
[orv 22:36:42] scan BTC K=62814 yes 0.1295/0.15 fair 0.0983 — no trade (position-open)
[orv 22:37:00] scan BTC K=62814 yes 0.12814/0.15 fair 0.0982 — no trade (position-open)
[orv 22:37:17] scan BTC K=62814 yes 0.12814/0.15 fair 0.0944 — no trade (position-open)
[orv 22:37:35] scan BTC K=62814 yes 0.12814/0.15 fair 0.0943 — no trade (position-open)
[orv 22:37:53] scan BTC K=62814 yes 0.12354/0.14525 fair 0.0943 — no trade (position-open)
[orv 22:38:11] scan BTC K=62814 yes 0.12/0.1382 fair 0.0942 — no trade (position-open)
[orv 22:38:29] scan BTC K=62814 yes 0.12/0.1382 fair 0.0902 — no trade (position-open)
[orv 22:38:46] scan BTC K=62814 yes 0.114/0.1382 fair 0.0902 — no trade (position-open)
[orv 22:39:04] scan BTC K=62814 yes 0.114/0.13 fair 0.0901 — no trade (position-open)
[orv 22:39:21] scan BTC K=62814 yes 0.114/0.13 fair 0.0900 — no trade (position-open)
[orv 22:39:22] SUMMARY open=1 settled=0 early=3 W/L=3/0 locked=$84 realised=$14.91 fees=$3.00
[orv 22:39:40] scan BTC K=62814 yes 0.10926/0.12587 fair 0.0834 — no trade (position-open)
[orv 22:39:40] scan ETH K=1781.3 yes 0.15944/0.22702 fair 0.1530 — no trade (edge 0.0014 < min 0.03)
[orv 22:39:57] scan BTC K=62814 yes 0.104/0.11947 fair 0.0834 — no trade (position-open)
[orv 22:40:15] scan BTC K=62814 yes 0.104/0.11947 fair 0.0833 — no trade (position-open)
[orv 22:40:33] scan BTC K=62814 yes 0.10224/0.11947 fair 0.0832 — no trade (position-open)
[orv 22:40:51] scan BTC K=62814 yes 0.10224/0.12 fair 0.0787 — no trade (position-open)
[orv 22:41:08] scan BTC K=62814 yes 0.10224/0.12 fair 0.0787 — no trade (position-open)
[orv 22:41:26] scan BTC K=62814 yes 0.10224/0.12552 fair 0.0786 — no trade (position-open)
[orv 22:41:44] scan BTC K=62814 yes 0.10224/0.12552 fair 0.0785 — no trade (position-open)
[orv 22:42:02] scan BTC K=62814 yes 0.10224/0.12 fair 0.0758 — no trade (position-open)
[orv 22:42:20] scan BTC K=62814 yes 0.10224/0.11 fair 0.0758 — no trade (position-open)
[orv 22:42:37] scan BTC K=62814 yes 0.10224/0.11 fair 0.0757 — no trade (position-open)
[orv 22:42:55] scan BTC K=62814 yes 0.10224/0.11 fair 0.0756 — no trade (position-open)
[orv 22:43:13] scan BTC K=62814 yes 0.10224/0.11 fair 0.0760 — no trade (position-open)
[orv 22:43:31] scan BTC K=62814 yes 0.10224/0.11 fair 0.0759 — no trade (position-open)
[orv 22:43:49] scan BTC K=62814 yes 0.10612/0.11 fair 0.0759 — no trade (position-open)
[orv 22:44:06] scan BTC K=62814 yes 0.10612/0.11 fair 0.0758 — no trade (position-open)
[orv 22:44:24] scan BTC K=62814 yes 0.10612/0.11 fair 0.0769 — no trade (position-open)
[orv 22:44:42] scan BTC K=62814 yes 0.10612/0.11 fair 0.0768 — no trade (position-open)
[orv 22:44:59] scan BTC K=62814 yes 0.10818/0.11 fair 0.0767 — no trade (position-open)
[orv 22:45:18] scan BTC K=62814 yes 0.10818/0.11 fair 0.0767 — no trade (position-open)
[orv 22:45:35] scan BTC K=62814 yes 0.10818/0.11 fair 0.0789 — no trade (position-open)
[orv 22:45:54] scan BTC K=62814 yes 0.10818/0.11 fair 0.0789 — no trade (position-open)
[orv 22:46:11] scan BTC K=62814 yes 0.10818/0.11 fair 0.0788 — no trade (position-open)
[orv 22:46:29] scan BTC K=62814 yes 0.10818/0.11 fair 0.0787 — no trade (position-open)
[orv 22:46:46] scan BTC K=62814 yes 0.10818/0.11 fair 0.0761 — no trade (position-open)
[orv 22:47:05] scan BTC K=62814 yes 0.10818/0.11 fair 0.0760 — no trade (position-open)
[orv 22:47:23] scan BTC K=62814 yes 0.10818/0.11 fair 0.0760 — no trade (position-open)
[orv 22:47:40] scan BTC K=62814 yes 0.10224/0.11 fair 0.0759 — no trade (position-open)
[orv 22:47:58] scan BTC K=62814 yes 0.10224/0.11 fair 0.0751 — no trade (position-open)
[orv 22:48:16] scan BTC K=62814 yes 0.10224/0.11 fair 0.0750 — no trade (position-open)
[orv 22:48:34] scan BTC K=62814 yes 0.10224/0.11 fair 0.0750 — no trade (position-open)
[orv 22:48:51] scan BTC K=62814 yes 0.10224/0.11 fair 0.0749 — no trade (position-open)
[orv 22:49:09] scan BTC K=62814 yes 0.10224/0.11 fair 0.0755 — no trade (position-open)
[orv 22:49:27] scan BTC K=62814 yes 0.10224/0.11 fair 0.0754 — no trade (position-open)
[orv 22:49:27] SUMMARY open=1 settled=0 early=3 W/L=3/0 locked=$84 realised=$14.91 fees=$3.00
[orv 22:49:45] scan BTC K=62814 yes 0.102/0.11 fair 0.0753 — no trade (position-open)
[orv 22:50:03] scan BTC K=62814 yes 0.102/0.11035 fair 0.0753 — no trade (position-open)
[orv 22:50:20] scan BTC K=62814 yes 0.102/0.11035 fair 0.0683 — no trade (position-open)
[orv 22:50:38] scan BTC K=62814 yes 0.102/0.11149 fair 0.0683 — no trade (position-open)
[orv 22:50:56] scan BTC K=62814 yes 0.091/0.10298 fair 0.0682 — no trade (position-open)
[orv 22:51:14] scan BTC K=62814 yes 0.091/0.10298 fair 0.0681 — no trade (position-open)
[orv 22:51:31] scan BTC K=62814 yes 0.091/0.10976 fair 0.0675 — no trade (position-open)
[orv 22:51:49] scan BTC K=62814 yes 0.091/0.10976 fair 0.0675 — no trade (position-open)
[orv 22:52:07] scan BTC K=62814 yes 0.10038/0.10336 fair 0.0674 — no trade (position-open)
[orv 22:52:24] scan BTC K=62814 yes 0.104/0.1125 fair 0.0674 — no trade (position-open)
[orv 22:52:41] scan BTC K=62814 yes 0.104/0.116 fair 0.0641 — no trade (position-open)
[orv 22:52:59] scan BTC K=62814 yes 0.104/0.116 fair 0.0641 — no trade (position-open)
[orv 22:53:17] scan BTC K=62814 yes 0.104/0.11 fair 0.0640 — no trade (position-open)
[orv 22:53:35] scan BTC K=62814 yes 0.10038/0.11 fair 0.0639 — no trade (position-open)
[orv 22:53:52] scan BTC K=62814 yes 0.10038/0.11 fair 0.0612 — no trade (position-open)
[orv 22:54:10] scan BTC K=62814 yes 0.10038/0.11 fair 0.0612 — no trade (position-open)
[orv 22:54:28] scan BTC K=62814 yes 0.10038/0.11 fair 0.0611 — no trade (position-open)
[orv 22:54:45] scan BTC K=62814 yes 0.10038/0.11 fair 0.0610 — no trade (position-open)
[orv 22:55:04] scan BTC K=62814 yes 0.09051/0.11 fair 0.0592 — no trade (position-open)
[orv 22:55:22] scan BTC K=62814 yes 0.0905/0.11 fair 0.0592 — no trade (position-open)
[orv 22:55:40] scan BTC K=62814 yes 0.0905/0.1 fair 0.0591 — no trade (position-open)
[orv 22:55:58] scan BTC K=62814 yes 0.08178/0.09 fair 0.0591 — no trade (position-open)
[orv 22:56:16] scan BTC K=62814 yes 0.08/0.09 fair 0.0526 — no trade (position-open)
[orv 22:56:34] scan BTC K=62814 yes 0.08367/0.09 fair 0.0525 — no trade (position-open)
[orv 22:56:51] scan BTC K=62814 yes 0.08/0.09 fair 0.0525 — no trade (position-open)
[orv 22:57:09] scan BTC K=62814 yes 0.08/0.09 fair 0.0524 — no trade (position-open)
[orv 22:57:27] scan BTC K=62814 yes 0.08/0.08891 fair 0.0456 — no trade (position-open)
[orv 22:57:45] scan BTC K=62814 yes 0.08/0.08891 fair 0.0455 — no trade (position-open)
[orv 22:58:02] scan BTC K=62814 yes 0.08/0.08891 fair 0.0455 — no trade (position-open)
[orv 22:58:20] scan BTC K=62814 yes 0.08/0.08891 fair 0.0454 — no trade (position-open)
[orv 22:58:37] scan BTC K=62814 yes 0.08065/0.09 fair 0.0505 — no trade (position-open)
[orv 22:58:55] scan BTC K=62814 yes 0.08/0.09 fair 0.0504 — no trade (position-open)
[orv 22:59:14] scan BTC K=62814 yes 0.08302/0.09 fair 0.0504 — no trade (position-open)
[orv 22:59:31] scan BTC K=62814 yes 0.08302/0.09 fair 0.0503 — no trade (position-open)
[orv 22:59:32] SUMMARY open=1 settled=0 early=3 W/L=3/0 locked=$84 realised=$14.91 fees=$3.00
[orv 22:59:49] scan BTC K=62814 yes 0.08/0.09 fair 0.0471 — no trade (position-open)
[orv 23:00:07] scan BTC K=62814 yes 0.08/0.09 fair 0.0470 — no trade (position-open)
[orv 23:00:26] scan BTC K=62814 yes 0.08/0.08871 fair 0.0470 — no trade (position-open)
[orv 23:00:43] scan BTC K=62814 yes 0.08/0.08871 fair 0.0469 — no trade (position-open)
[orv 23:01:01] scan BTC K=62814 yes 0.08/0.088 fair 0.0432 — no trade (position-open)
[orv 23:01:19] scan BTC K=62814 yes 0.08/0.09 fair 0.0431 — no trade (position-open)
[orv 23:01:37] scan BTC K=62814 yes 0.08/0.089 fair 0.0431 — no trade (position-open)
[orv 23:01:54] scan BTC K=62814 yes 0.08/0.089 fair 0.0430 — no trade (position-open)
[orv 23:02:12] scan BTC K=62814 yes 0.08/0.089 fair 0.0455 — no trade (position-open)
[orv 23:02:29] scan BTC K=62814 yes 0.08173/0.09 fair 0.0454 — no trade (position-open)
[orv 23:02:48] scan BTC K=62814 yes 0.08478/0.09 fair 0.0454 — no trade (position-open)
[orv 23:03:06] scan BTC K=62814 yes 0.08853/0.09 fair 0.0453 — no trade (position-open)
[orv 23:03:23] scan BTC K=62814 yes 0.09198/0.1 fair 0.0540 — no trade (position-open)
[orv 23:03:41] scan BTC K=62814 yes 0.09297/0.1 fair 0.0540 — no trade (position-open)
[orv 23:03:59] scan BTC K=62814 yes 0.09578/0.1 fair 0.0539 — no trade (position-open)
[orv 23:04:17] scan BTC K=62814 yes 0.09597/0.105 fair 0.0539 — no trade (position-open)
[orv 23:04:35] scan BTC K=62814 yes 0.09304/0.105 fair 0.0561 — no trade (position-open)
[orv 23:04:53] scan BTC K=62814 yes 0.09/0.105 fair 0.0561 — no trade (position-open)
[orv 23:05:10] scan BTC K=62814 yes 0.09/0.105 fair 0.0560 — no trade (position-open)
[orv 23:05:28] scan BTC K=62814 yes 0.09431/0.105 fair 0.0559 — no trade (position-open)
[orv 23:05:46] scan BTC K=62814 yes 0.09831/0.107 fair 0.0590 — no trade (position-open)
[orv 23:06:03] scan BTC K=62814 yes 0.09831/0.107 fair 0.0590 — no trade (position-open)
[orv 23:06:21] scan BTC K=62814 yes 0.10682/0.113 fair 0.0589 — no trade (position-open)
[orv 23:06:21] scan ETH K=1781.3 yes 0.11618/0.18299 fair 0.1109 — no trade (edge 0.0003 < min 0.03)
[orv 23:06:39] scan BTC K=62814 yes 0.11011/0.119 fair 0.0589 — no trade (position-open)
[orv 23:06:39] scan ETH K=1781.3 yes 0.11618/0.19231 fair 0.1108 — no trade (edge 0.0004 < min 0.03)
[orv 23:06:56] scan BTC K=62814 yes 0.09764/0.119 fair 0.0635 — no trade (position-open)
[orv 23:07:15] scan BTC K=62814 yes 0.09913/0.119 fair 0.0634 — no trade (position-open)
[orv 23:07:32] scan BTC K=62814 yes 0.09205/0.109 fair 0.0634 — no trade (position-open)
[orv 23:07:50] scan BTC K=62814 yes 0.09205/0.109 fair 0.0633 — no trade (position-open)
[orv 23:08:07] scan BTC K=62814 yes 0.09559/0.109 fair 0.0588 — no trade (position-open)
[orv 23:08:25] scan BTC K=62814 yes 0.09885/0.109 fair 0.0587 — no trade (position-open)
[orv 23:08:42] scan BTC K=62814 yes 0.09885/0.112 fair 0.0586 — no trade (position-open)
[orv 23:09:00] scan BTC K=62814 yes 0.09885/0.112 fair 0.0586 — no trade (position-open)
[orv 23:09:17] scan BTC K=62814 yes 0.1048/0.115 fair 0.0655 — no trade (position-open)
[orv 23:09:36] scan BTC K=62814 yes 0.1048/0.115 fair 0.0654 — no trade (position-open)
[orv 23:09:36] SUMMARY open=1 settled=0 early=3 W/L=3/0 locked=$84 realised=$14.91 fees=$3.00
[orv 23:09:53] scan BTC K=62814 yes 0.1048/0.115 fair 0.0654 — no trade (position-open)
[orv 23:10:11] scan BTC K=62814 yes 0.1048/0.115 fair 0.0653 — no trade (position-open)
[orv 23:10:28] scan BTC K=62814 yes 0.1048/0.119 fair 0.0663 — no trade (position-open)
[orv 23:10:47] scan BTC K=62814 yes 0.1119/0.119 fair 0.0662 — no trade (position-open)
[orv 23:11:04] scan BTC K=62814 yes 0.10911/0.119 fair 0.0662 — no trade (position-open)
[orv 23:11:22] scan BTC K=62814 yes 0.112/0.124 fair 0.0661 — no trade (position-open)
[orv 23:11:40] scan BTC K=62814 yes 0.11533/0.124 fair 0.0705 — no trade (position-open)
[orv 23:11:57] scan BTC K=62814 yes 0.11533/0.124 fair 0.0704 — no trade (position-open)
[orv 23:12:15] scan BTC K=62814 yes 0.11251/0.127 fair 0.0703 — no trade (position-open)
[orv 23:12:32] scan BTC K=62814 yes 0.11244/0.127 fair 0.0703 — no trade (position-open)
[orv 23:12:50] scan BTC K=62814 yes 0.11244/0.127 fair 0.0703 — no trade (position-open)
[orv 23:13:08] scan BTC K=62814 yes 0.11534/0.127 fair 0.0703 — no trade (position-open)
[orv 23:13:26] scan BTC K=62814 yes 0.11246/0.127 fair 0.0702 — no trade (position-open)
[orv 23:13:44] scan BTC K=62814 yes 0.11763/0.13 fair 0.0701 — no trade (position-open)
[orv 23:14:02] scan BTC K=62814 yes 0.11763/0.13 fair 0.0743 — no trade (position-open)
[orv 23:14:20] scan BTC K=62814 yes 0.11466/0.13 fair 0.0742 — no trade (position-open)
[orv 23:14:38] scan BTC K=62814 yes 0.11466/0.13 fair 0.0742 — no trade (position-open)
[orv 23:14:55] scan BTC K=62814 yes 0.11466/0.126 fair 0.0741 — no trade (position-open)
[orv 23:15:13] scan BTC K=62814 yes 0.1104/0.126 fair 0.0707 — no trade (position-open)
[orv 23:15:30] scan BTC K=62814 yes 0.11334/0.126 fair 0.0707 — no trade (position-open)
[orv 23:15:49] scan BTC K=62814 yes 0.11334/0.126 fair 0.0706 — no trade (position-open)
[orv 23:16:06] scan BTC K=62814 yes 0.1095/0.127 fair 0.0705 — no trade (position-open)
[orv 23:16:06] scan ETH K=1781.3 yes 0.13342/0.208 fair 0.1253 — no trade (edge 0.0031 < min 0.03)
[orv 23:16:24] scan BTC K=62814 yes 0.11514/0.127 fair 0.0748 — no trade (position-open)
[orv 23:16:41] scan BTC K=62814 yes 0.11/0.13 fair 0.0748 — no trade (position-open)
[orv 23:16:59] scan BTC K=62814 yes 0.11607/0.13 fair 0.0747 — no trade (position-open)
[orv 23:17:17] scan BTC K=62814 yes 0.11607/0.13 fair 0.0746 — no trade (position-open)
[orv 23:17:34] scan BTC K=62814 yes 0.1203/0.13 fair 0.0761 — no trade (position-open)
[orv 23:17:53] scan BTC K=62814 yes 0.1203/0.13 fair 0.0760 — no trade (position-open)
[orv 23:18:10] scan BTC K=62814 yes 0.1203/0.133 fair 0.0759 — no trade (position-open)
[orv 23:18:11] scan ETH K=1781.3 yes 0.14983/0.22699 fair 0.1426 — no trade (edge 0.0022 < min 0.03)
[orv 23:18:28] scan BTC K=62814 yes 0.12426/0.133 fair 0.0759 — no trade (position-open)
[orv 23:18:29] scan ETH K=1781.3 yes 0.14983/0.22699 fair 0.1426 — no trade (edge 0.0023 < min 0.03)
[orv 23:18:46] scan BTC K=62814 yes 0.12426/0.13673 fair 0.0870 — no trade (position-open)
[orv 23:19:04] scan BTC K=62814 yes 0.12898/0.14159 fair 0.0869 — no trade (position-open)
[orv 23:19:21] scan BTC K=62814 yes 0.12469/0.14 fair 0.0868 — no trade (position-open)
[orv 23:19:39] scan BTC K=62814 yes 0.12851/0.141 fair 0.0868 — no trade (position-open)
[orv 23:19:40] SUMMARY open=1 settled=0 early=3 W/L=3/0 locked=$84 realised=$14.91 fees=$3.00
[orv 23:19:57] scan BTC K=62814 yes 0.12851/0.14 fair 0.0870 — no trade (position-open)
[orv 23:19:57] scan ETH K=1781.3 yes 0.16733/0.24781 fair 0.1607 — no trade (edge 0.0016 < min 0.03)
[orv 23:20:15] scan BTC K=62814 yes 0.12851/0.14 fair 0.0869 — no trade (position-open)
[orv 23:20:16] scan ETH K=1781.3 yes 0.16733/0.244 fair 0.1607 — no trade (edge 0.0017 < min 0.03)
[orv 23:20:33] scan BTC K=62814 yes 0.12851/0.141 fair 0.0869 — no trade (position-open)
[orv 23:20:51] scan BTC K=62814 yes 0.12851/0.141 fair 0.0868 — no trade (position-open)
[orv 23:21:09] scan BTC K=62814 yes 0.12851/0.141 fair 0.0884 — no trade (position-open)
[orv 23:21:26] scan BTC K=62814 yes 0.133/0.14159 fair 0.0883 — no trade (position-open)
[orv 23:21:26] scan ETH K=1781.3 yes 0.17606/0.25099 fair 0.1668 — no trade (edge 0.0043 < min 0.03)
[orv 23:21:44] scan BTC K=62814 yes 0.14312/0.15 fair 0.0882 — no trade (position-open)
[orv 23:21:45] scan ETH K=1781.3 yes 0.17606/0.25099 fair 0.1667 — no trade (edge 0.0044 < min 0.03)
[orv 23:22:01] scan BTC K=62814 yes 0.13859/0.15 fair 0.0882 — no trade (position-open)
[orv 23:22:02] scan ETH K=1781.3 yes 0.17605/0.251 fair 0.1666 — no trade (edge 0.0044 < min 0.03)
[orv 23:22:19] scan BTC K=62814 yes 0.13859/0.15 fair 0.0954 — no trade (position-open)
[orv 23:22:37] scan BTC K=62814 yes 0.14363/0.15 fair 0.0953 — no trade (position-open)
[orv 23:22:55] scan BTC K=62814 yes 0.14363/0.15 fair 0.0953 — no trade (position-open)
[orv 23:23:13] scan BTC K=62814 yes 0.14004/0.15 fair 0.0952 — no trade (position-open)
[orv 23:23:30] scan BTC K=62814 yes 0.13996/0.15 fair 0.0977 — no trade (position-open)
[orv 23:23:48] scan BTC K=62814 yes 0.1445/0.16 fair 0.0976 — no trade (position-open)
[orv 23:24:05] scan BTC K=62814 yes 0.14584/0.16149 fair 0.0975 — no trade (position-open)
[orv 23:24:23] scan BTC K=62814 yes 0.14584/0.162 fair 0.0974 — no trade (position-open)
[orv 23:24:24] scan ETH K=1781.3 yes 0.18722/0.267 fair 0.1678 — no trade (edge 0.0144 < min 0.03)
[orv 23:24:41] scan BTC K=62814 yes 0.14584/0.162 fair 0.1054 — no trade (position-open)
[orv 23:24:59] scan BTC K=62814 yes 0.14584/0.159 fair 0.1053 — no trade (position-open)
[orv 23:25:16] scan BTC K=62814 yes 0.14584/0.159 fair 0.1053 — no trade (position-open)
[orv 23:25:35] scan BTC K=62814 yes 0.14584/0.159 fair 0.1052 — no trade (position-open)
[orv 23:25:53] scan BTC K=62814 yes 0.14584/0.159 fair 0.1051 — no trade (position-open)
[orv 23:26:11] scan BTC K=62814 yes 0.14584/0.161 fair 0.1051 — no trade (position-open)
[orv 23:26:28] scan BTC K=62814 yes 0.14821/0.161 fair 0.1050 — no trade (position-open)
[orv 23:26:29] scan ETH K=1781.3 yes 0.20314/0.29215 fair 0.1906 — no trade (edge 0.0075 < min 0.03)
[orv 23:26:47] scan BTC K=62814 yes 0.14821/0.164 fair 0.1049 — no trade (position-open)
[orv 23:26:47] scan ETH K=1781.3 yes 0.20314/0.29 fair 0.1905 — no trade (edge 0.0076 < min 0.03)
[orv 23:27:04] scan BTC K=62814 yes 0.15232/0.169 fair 0.1135 — no trade (position-open)
[orv 23:27:23] scan BTC K=62814 yes 0.15232/0.169 fair 0.1134 — no trade (position-open)
[orv 23:27:23] scan ETH K=1781.3 yes 0.22073/0.3113 fair 0.2124 — no trade (edge 0.0033 < min 0.03)
[orv 23:27:40] scan BTC K=62814 yes 0.16254/0.176 fair 0.1133 — no trade (position-open)
[orv 23:27:41] scan ETH K=1781.3 yes 0.23805/0.31 fair 0.2124 — no trade (edge 0.0207 < min 0.03)
[orv 23:27:58] scan BTC K=62814 yes 0.15255/0.17 fair 0.1132 — no trade (position-open)
[orv 23:27:58] scan ETH K=1781.3 yes 0.22055/0.31305 fair 0.2123 — no trade (edge 0.0033 < min 0.03)
[orv 23:28:16] scan BTC K=62814 yes 0.15255/0.17 fair 0.1126 — no trade (position-open)
[orv 23:28:17] scan ETH K=1781.3 yes 0.22055/0.31305 fair 0.2126 — no trade (edge 0.0029 < min 0.03)
[orv 23:28:34] scan BTC K=62814 yes 0.15255/0.1705 fair 0.1125 — no trade (position-open)
[orv 23:28:34] scan ETH K=1781.3 yes 0.22055/0.31305 fair 0.2126 — no trade (edge 0.0030 < min 0.03)
[orv 23:28:52] scan BTC K=62814 yes 0.15255/0.1705 fair 0.1124 — no trade (position-open)
[orv 23:29:10] scan BTC K=62814 yes 0.1471/0.17 fair 0.1123 — no trade (position-open)
[orv 23:29:28] scan BTC K=62814 yes 0.13275/0.15 fair 0.0947 — no trade (position-open)
[orv 23:29:29] scan ETH K=1781.3 yes 0.19942/0.28299 fair 0.1871 — no trade (edge 0.0073 < min 0.03)
[orv 23:29:46] scan BTC K=62814 yes 0.13191/0.15 fair 0.0946 — no trade (position-open)
[orv 23:29:46] SUMMARY open=1 settled=0 early=3 W/L=3/0 locked=$84 realised=$14.91 fees=$3.00
[orv 23:30:04] scan BTC K=62814 yes 0.13191/0.15 fair 0.0945 — no trade (position-open)
[orv 23:30:21] scan BTC K=62814 yes 0.13191/0.15 fair 0.0944 — no trade (position-open)
[orv 23:30:39] scan BTC K=62814 yes 0.12706/0.15 fair 0.0892 — no trade (position-open)
[orv 23:30:40] scan ETH K=1781.3 yes 0.1815/0.2645 fair 0.1752 — no trade (edge 0.0013 < min 0.03)
[orv 23:30:57] scan BTC K=62814 yes 0.12362/0.148 fair 0.0891 — no trade (position-open)
[orv 23:30:58] scan ETH K=1781.3 yes 0.1815/0.26449 fair 0.1751 — no trade (edge 0.0014 < min 0.03)
[orv 23:31:15] scan BTC K=62814 yes 0.12362/0.14 fair 0.0890 — no trade (position-open)
[orv 23:31:15] scan ETH K=1781.3 yes 0.1815/0.26448 fair 0.1751 — no trade (edge 0.0014 < min 0.03)
[orv 23:31:32] scan BTC K=62814 yes 0.12362/0.14 fair 0.0890 — no trade (position-open)
[orv 23:31:33] scan ETH K=1781.3 yes 0.1815/0.26448 fair 0.1750 — no trade (edge 0.0015 < min 0.03)
[orv 23:31:50] scan BTC K=62814 yes 0.12362/0.14 fair 0.0865 — no trade (position-open)
[orv 23:31:51] scan ETH K=1781.3 yes 0.1815/0.26448 fair 0.1736 — no trade (edge 0.0029 < min 0.03)
[orv 23:32:08] scan BTC K=62814 yes 0.12362/0.14 fair 0.0864 — no trade (position-open)
[orv 23:32:08] scan ETH K=1781.3 yes 0.1815/0.261 fair 0.1736 — no trade (edge 0.0029 < min 0.03)
[orv 23:32:26] scan BTC K=62814 yes 0.11914/0.14 fair 0.0863 — no trade (position-open)
[orv 23:32:44] scan BTC K=62814 yes 0.12457/0.14396 fair 0.0863 — no trade (position-open)
[orv 23:33:01] scan BTC K=62814 yes 0.14099/0.167 fair 0.1081 — no trade (position-open)
[orv 23:33:01] scan ETH K=1781.3 yes 0.20041/0.28728 fair 0.1933 — no trade (edge 0.0021 < min 0.03)
[orv 23:33:19] scan BTC K=62814 yes 0.14206/0.16 fair 0.1080 — no trade (position-open)
[orv 23:33:19] scan ETH K=1781.3 yes 0.20042/0.28728 fair 0.1933 — no trade (edge 0.0022 < min 0.03)
[orv 23:33:36] scan BTC K=62814 yes 0.13251/0.16 fair 0.1079 — no trade (position-open)
[orv 23:33:54] scan BTC K=62814 yes 0.14/0.16028 fair 0.1078 — no trade (position-open)
[orv 23:34:12] scan BTC K=62814 yes 0.13418/0.16 fair 0.0957 — no trade (position-open)
[orv 23:34:30] scan BTC K=62814 yes 0.13111/0.15 fair 0.0956 — no trade (position-open)
[orv 23:34:47] scan BTC K=62814 yes 0.13101/0.15 fair 0.0955 — no trade (position-open)
[orv 23:35:05] scan BTC K=62814 yes 0.13199/0.156 fair 0.0954 — no trade (position-open)
[orv 23:35:23] scan BTC K=62814 yes 0.14196/0.15769 fair 0.0957 — no trade (position-open)
[orv 23:35:40] scan BTC K=62814 yes 0.15/0.168 fair 0.0957 — no trade (position-open)
[orv 23:35:41] scan ETH K=1781.3 yes 0.19844/0.28461 fair 0.1907 — no trade (edge 0.0027 < min 0.03)
[orv 23:35:58] scan BTC K=62814 yes 0.1495/0.168 fair 0.0956 — no trade (position-open)
[orv 23:35:58] scan ETH K=1781.3 yes 0.19844/0.28461 fair 0.1907 — no trade (edge 0.0028 < min 0.03)
[orv 23:36:15] scan BTC K=62814 yes 0.13535/0.14196 fair 0.0955 — no trade (position-open)
[orv 23:36:16] scan ETH K=1781.3 yes 0.19844/0.28461 fair 0.1906 — no trade (edge 0.0028 < min 0.03)
[orv 23:36:33] scan BTC K=62814 yes 0.13/0.14196 fair 0.0863 — no trade (position-open)
[orv 23:36:50] scan BTC K=62814 yes 0.13/0.14196 fair 0.0862 — no trade (position-open)
[orv 23:37:08] scan BTC K=62814 yes 0.13/0.14196 fair 0.0862 — no trade (position-open)
[orv 23:37:25] scan BTC K=62814 yes 0.13/0.14196 fair 0.0861 — no trade (position-open)
[orv 23:37:44] scan BTC K=62814 yes 0.1295/0.14196 fair 0.0925 — no trade (position-open)
[orv 23:38:02] scan BTC K=62814 yes 0.1295/0.14133 fair 0.0924 — no trade (position-open)
[orv 23:38:19] scan BTC K=62814 yes 0.123/0.14 fair 0.0924 — no trade (position-open)
[orv 23:38:37] scan BTC K=62814 yes 0.123/0.14 fair 0.0923 — no trade (position-open)
[orv 23:38:55] scan BTC K=62814 yes 0.123/0.14 fair 0.0861 — no trade (position-open)
[orv 23:39:13] scan BTC K=62814 yes 0.12/0.13679 fair 0.0860 — no trade (position-open)
[orv 23:39:30] scan BTC K=62814 yes 0.12075/0.13679 fair 0.0859 — no trade (position-open)
[orv 23:39:48] scan BTC K=62814 yes 0.12075/0.13679 fair 0.0858 — no trade (position-open)
[orv 23:39:48] SUMMARY open=1 settled=0 early=3 W/L=3/0 locked=$84 realised=$14.91 fees=$3.00
[orv 23:40:06] scan BTC K=62814 yes 0.12075/0.13065 fair 0.0859 — no trade (position-open)
[orv 23:40:23] scan BTC K=62814 yes 0.12075/0.13065 fair 0.0858 — no trade (position-open)
[orv 23:40:41] scan BTC K=62814 yes 0.12075/0.13065 fair 0.0857 — no trade (position-open)
[orv 23:40:58] scan BTC K=62814 yes 0.113/0.12467 fair 0.0857 — no trade (position-open)
[orv 23:41:17] scan BTC K=62814 yes 0.11705/0.13109 fair 0.0832 — no trade (position-open)
[orv 23:41:34] scan BTC K=62814 yes 0.12266/0.13109 fair 0.0831 — no trade (position-open)
[orv 23:41:52] scan BTC K=62814 yes 0.11739/0.13109 fair 0.0830 — no trade (position-open)
[orv 23:42:10] scan BTC K=62814 yes 0.1187/0.13109 fair 0.0830 — no trade (position-open)
[orv 23:42:28] scan BTC K=62814 yes 0.1187/0.13109 fair 0.0818 — no trade (position-open)
[orv 23:42:46] scan BTC K=62814 yes 0.1187/0.13 fair 0.0817 — no trade (position-open)
[orv 23:43:03] scan BTC K=62814 yes 0.1187/0.13724 fair 0.0816 — no trade (position-open)
[orv 23:43:20] scan BTC K=62814 yes 0.1187/0.13724 fair 0.0816 — no trade (position-open)
[orv 23:43:39] scan BTC K=62814 yes 0.1187/0.13724 fair 0.0797 — no trade (position-open)
[orv 23:43:56] scan BTC K=62814 yes 0.1187/0.13 fair 0.0797 — no trade (position-open)
[orv 23:44:14] scan BTC K=62814 yes 0.1187/0.13 fair 0.0796 — no trade (position-open)
[orv 23:44:33] scan BTC K=62814 yes 0.1187/0.12984 fair 0.0795 — no trade (position-open)
[orv 23:44:50] scan BTC K=62814 yes 0.1187/0.12984 fair 0.0736 — no trade (position-open)
[orv 23:45:08] scan BTC K=62814 yes 0.1187/0.135 fair 0.0735 — no trade (position-open)
[orv 23:45:26] scan BTC K=62814 yes 0.11376/0.13564 fair 0.0735 — no trade (position-open)
[orv 23:45:44] scan BTC K=62814 yes 0.12213/0.14196 fair 0.0734 — no trade (position-open)
[orv 23:45:45] ENTER BUY_NO ETH K=1781.3 @0.786 ×125 | fair=0.1788 edge=0.0304 | lock $98 for 6.2h
[orv 23:46:02] scan BTC K=62814 yes 0.123/0.14196 fair 0.0920 — no trade (position-open)
[orv 23:46:02] scan ETH K=1781.3 yes 0.21425/0.30148 fair 0.2080 — no trade (position-open)
[orv 23:46:19] scan BTC K=62814 yes 0.131/0.15 fair 0.0919 — no trade (position-open)
[orv 23:46:20] scan ETH K=1781.3 yes 0.23282/0.32055 fair 0.2079 — no trade (position-open)
[orv 23:46:38] scan BTC K=62814 yes 0.13091/0.14949 fair 0.0919 — no trade (position-open)
[orv 23:46:38] scan ETH K=1781.3 yes 0.23282/0.32054 fair 0.2078 — no trade (position-open)
[orv 23:46:55] scan BTC K=62814 yes 0.132/0.15 fair 0.0918 — no trade (position-open)
[orv 23:46:56] scan ETH K=1781.3 yes 0.25064/0.32999 fair 0.2078 — no trade (position-open)
[orv 23:47:13] scan BTC K=62814 yes 0.132/0.15 fair 0.0977 — no trade (position-open)
[orv 23:47:14] scan ETH K=1781.3 yes 0.23314/0.31651 fair 0.2247 — no trade (position-open)
[orv 23:47:31] scan BTC K=62814 yes 0.13695/0.15 fair 0.0977 — no trade (position-open)
[orv 23:47:32] scan ETH K=1781.3 yes 0.2512/0.33564 fair 0.2246 — no trade (position-open)
[orv 23:47:49] scan BTC K=62814 yes 0.132/0.15 fair 0.0976 — no trade (position-open)
[orv 23:47:49] scan ETH K=1781.3 yes 0.2512/0.34216 fair 0.2246 — no trade (position-open)
[orv 23:48:06] scan BTC K=62814 yes 0.132/0.15 fair 0.0975 — no trade (position-open)
[orv 23:48:07] scan ETH K=1781.3 yes 0.2512/0.34216 fair 0.2245 — no trade (position-open)
[orv 23:48:24] scan BTC K=62814 yes 0.13668/0.15844 fair 0.1006 — no trade (position-open)
[orv 23:48:24] scan ETH K=1781.3 yes 0.24532/0.33544 fair 0.2366 — no trade (position-open)
[orv 23:48:42] scan BTC K=62814 yes 0.13668/0.15844 fair 0.1005 — no trade (position-open)
[orv 23:48:43] scan ETH K=1781.3 yes 0.24532/0.33543 fair 0.2365 — no trade (position-open)
[orv 23:48:59] scan BTC K=62814 yes 0.15/0.169 fair 0.1004 — no trade (position-open)
[orv 23:49:00] scan ETH K=1781.3 yes 0.2794/0.371 fair 0.2365 — no trade (position-open)
[orv 23:49:17] scan BTC K=62814 yes 0.16/0.17491 fair 0.1003 — no trade (position-open)
[orv 23:49:17] scan ETH K=1781.3 yes 0.29712/0.39029 fair 0.2364 — no trade (position-open)
[orv 23:49:35] scan BTC K=62814 yes 0.15669/0.175 fair 0.1097 — no trade (position-open)
[orv 23:49:36] scan ETH K=1781.3 yes 0.29712/0.37106 fair 0.2755 — no trade (position-open)
[orv 23:49:53] scan BTC K=62814 yes 0.15669/0.175 fair 0.1096 — no trade (position-open)
[orv 23:49:54] SUMMARY open=2 settled=0 early=3 W/L=3/0 locked=$182 realised=$14.91 fees=$3.00
[orv 23:50:11] scan BTC K=62814 yes 0.15469/0.16954 fair 0.1095 — no trade (position-open)
[orv 23:50:12] scan ETH K=1781.3 yes 0.29634/0.37106 fair 0.2754 — no trade (position-open)
[orv 23:50:29] scan BTC K=62814 yes 0.147/0.16954 fair 0.1094 — no trade (position-open)
[orv 23:50:29] scan ETH K=1781.3 yes 0.29635/0.39321 fair 0.2754 — no trade (position-open)
[orv 23:50:47] scan BTC K=62814 yes 0.14486/0.16284 fair 0.1146 — no trade (position-open)
[orv 23:50:47] scan ETH K=1781.3 yes 0.31682/0.41099 fair 0.3097 — no trade (position-open)
[orv 23:51:04] scan BTC K=62814 yes 0.14781/0.16149 fair 0.1145 — no trade (position-open)
[orv 23:51:05] scan ETH K=1781.3 yes 0.33706/0.42208 fair 0.3096 — no trade (position-open)
[orv 23:51:22] scan BTC K=62814 yes 0.15574/0.17313 fair 0.1144 — no trade (position-open)
[orv 23:51:22] scan ETH K=1781.3 yes 0.37152/0.45472 fair 0.3096 — no trade (position-open)
[orv 23:51:39] scan BTC K=62814 yes 0.14167/0.16 fair 0.1143 — no trade (position-open)
[orv 23:51:40] scan ETH K=1781.3 yes 0.33721/0.41863 fair 0.3095 — no trade (position-open)
[orv 23:51:57] scan BTC K=62814 yes 0.151/0.16777 fair 0.1193 — no trade (position-open)
[orv 23:51:57] scan ETH K=1781.3 yes 0.35773/0.43649 fair 0.3452 — no trade (position-open)
[orv 23:52:15] scan BTC K=62814 yes 0.147/0.1645 fair 0.1192 — no trade (position-open)
[orv 23:52:15] scan ETH K=1781.3 yes 0.35773/0.43649 fair 0.3452 — no trade (position-open)
[orv 23:52:32] scan BTC K=62814 yes 0.1395/0.15912 fair 0.1191 — no trade (position-open)
[orv 23:52:32] scan ETH K=1781.3 yes 0.35773/0.43649 fair 0.3452 — no trade (position-open)
[orv 23:52:50] scan BTC K=62814 yes 0.1395/0.15912 fair 0.1190 — no trade (position-open)
[orv 23:53:07] scan BTC K=62814 yes 0.1395/0.16 fair 0.1188 — no trade (position-open)
[orv 23:53:08] scan ETH K=1781.3 yes 0.32304/0.39864 fair 0.3156 — no trade (position-open)
[orv 23:53:25] scan BTC K=62814 yes 0.12651/0.149 fair 0.1187 — no trade (position-open)
[orv 23:53:26] scan ETH K=1781.3 yes 0.32304/0.39863 fair 0.3156 — no trade (position-open)
[orv 23:54:18] scan BTC K=62814 yes 0.14/0.155 fair 0.1340 — no trade (position-open)
[orv 23:54:36] scan BTC K=62814 yes 0.16039/0.1745 fair 0.1339 — no trade (position-open)
[orv 23:54:53] scan BTC K=62814 yes 0.16719/0.182 fair 0.1338 — no trade (position-open)
[orv 23:55:11] scan BTC K=62814 yes 0.17128/0.18463 fair 0.1337 — no trade (position-open)
[orv 23:55:28] scan BTC K=62814 yes 0.16817/0.18463 fair 0.1461 — no trade (position-open)
[orv 23:55:29] scan ETH K=1781.3 yes 0.31999/0.41427 fair 0.3103 — no trade (position-open)
[orv 23:55:46] scan BTC K=62814 yes 0.16091/0.18 fair 0.1460 — no trade (position-open)
[orv 23:56:04] scan BTC K=62814 yes 0.1555/0.17949 fair 0.1459 — no trade (position-open)
[orv 23:56:22] scan BTC K=62814 yes 0.1555/0.17515 fair 0.1458 — no trade (position-open)
[orv 23:56:39] scan BTC K=62814 yes 0.155/0.1705 fair 0.1378 — no trade (position-open)
[orv 23:56:58] scan BTC K=62814 yes 0.148/0.17 fair 0.1377 — no trade (position-open)
[orv 23:57:15] scan BTC K=62814 yes 0.15107/0.17349 fair 0.1377 — no trade (position-open)
[orv 23:57:33] scan BTC K=62814 yes 0.15107/0.1705 fair 0.1376 — no trade (position-open)
[orv 23:57:33] scan ETH K=1781.3 yes 0.32107/0.409 fair 0.3095 — no trade (position-open)
[orv 23:57:50] scan BTC K=62814 yes 0.15107/0.1705 fair 0.1353 — no trade (position-open)
[orv 23:57:51] scan ETH K=1781.3 yes 0.32107/0.40899 fair 0.3101 — no trade (position-open)
[orv 23:58:08] scan BTC K=62814 yes 0.15107/0.1705 fair 0.1352 — no trade (position-open)
[orv 23:58:09] scan ETH K=1781.3 yes 0.32107/0.40899 fair 0.3101 — no trade (position-open)
[orv 23:58:26] scan BTC K=62814 yes 0.15107/0.1705 fair 0.1351 — no trade (position-open)
[orv 23:58:26] scan ETH K=1781.3 yes 0.32107/0.40899 fair 0.3100 — no trade (position-open)
[orv 23:58:43] scan BTC K=62814 yes 0.16/0.1705 fair 0.1350 — no trade (position-open)
[orv 23:58:44] scan ETH K=1781.3 yes 0.32107/0.40899 fair 0.3100 — no trade (position-open)
[orv 23:59:01] scan BTC K=62814 yes 0.16/0.178 fair 0.1430 — no trade (position-open)
[orv 23:59:18] scan BTC K=62814 yes 0.16/0.1785 fair 0.1429 — no trade (position-open)
[orv 23:59:35] scan BTC K=62814 yes 0.16221/0.18463 fair 0.1428 — no trade (position-open)
[orv 23:59:36] scan ETH K=1781.3 yes 0.33939/0.41128 fair 0.3230 — no trade (position-open)
[orv 23:59:53] scan BTC K=62814 yes 0.16221/0.18463 fair 0.1427 — no trade (position-open)
[orv 23:59:54] scan ETH K=1781.3 yes 0.33938/0.42981 fair 0.3229 — no trade (position-open)
[orv 00:00:11] scan BTC K=62814 yes 0.17/0.18463 fair 0.1574 — no trade (position-open)
[orv 00:00:12] scan ETH K=1781.3 yes 0.34526/0.42979 fair 0.3334 — no trade (position-open)
[orv 00:00:12] SUMMARY open=2 settled=0 early=3 W/L=3/0 locked=$182 realised=$14.91 fees=$3.00
[orv 00:00:47] scan BTC K=62814 yes 0.17/0.18463 fair 0.1572 — no trade (position-open)
[orv 00:00:47] scan ETH K=1781.3 yes 0.35382/0.416 fair 0.3333 — no trade (position-open)
[orv 00:01:04] scan BTC K=62814 yes 0.17/0.18463 fair 0.1571 — no trade (position-open)
[orv 00:01:23] scan BTC K=62814 yes 0.18/0.18463 fair 0.1594 — no trade (position-open)
[orv 00:01:40] scan BTC K=62814 yes 0.18/0.18463 fair 0.1593 — no trade (position-open)
[orv 00:01:58] scan BTC K=62814 yes 0.18/0.18463 fair 0.1592 — no trade (position-open)
[orv 00:02:34] scan BTC K=62814 yes 0.17/0.18463 fair 0.1492 — no trade (position-open)
[orv 00:02:52] scan BTC K=62814 yes 0.1655/0.183 fair 0.1491 — no trade (position-open)
[orv 00:03:10] scan BTC K=62814 yes 0.16/0.18149 fair 0.1490 — no trade (position-open)
[orv 00:03:29] scan BTC K=62814 yes 0.17/0.18463 fair 0.1489 — no trade (position-open)
[orv 00:03:29] scan ETH K=1781.3 yes 0.34017/0.42266 fair 0.3337 — no trade (position-open)
[orv 00:03:46] scan BTC K=62814 yes 0.17/0.18463 fair 0.1489 — no trade (position-open)
[orv 00:04:04] scan BTC K=62814 yes 0.15981/0.17424 fair 0.1488 — no trade (position-open)
[orv 00:04:21] scan BTC K=62814 yes 0.1543/0.17349 fair 0.1487 — no trade (position-open)
[orv 00:04:57] scan BTC K=62814 yes 0.15/0.16782 fair 0.1339 — no trade (position-open)
[orv 00:04:57] scan ETH K=1781.3 yes 0.32119/0.39699 fair 0.3152 — no trade (position-open)
[orv 00:05:15] scan BTC K=62814 yes 0.16/0.17072 fair 0.1338 — no trade (position-open)
[orv 00:05:15] scan ETH K=1781.3 yes 0.32119/0.40183 fair 0.3151 — no trade (position-open)
[orv 00:05:33] scan BTC K=62814 yes 0.15/0.16519 fair 0.1337 — no trade (position-open)
[orv 00:05:33] scan ETH K=1781.3 yes 0.32119/0.41881 fair 0.3151 — no trade (position-open)
[orv 00:05:50] scan BTC K=62814 yes 0.14/0.15696 fair 0.1336 — no trade (position-open)
[orv 00:06:08] scan BTC K=62814 yes 0.131/0.1503 fair 0.1232 — no trade (position-open)
[orv 00:06:08] scan ETH K=1781.3 yes 0.30307/0.37739 fair 0.2934 — no trade (position-open)
[orv 00:06:26] scan BTC K=62814 yes 0.14/0.15031 fair 0.1231 — no trade (position-open)
[orv 00:06:26] scan ETH K=1781.3 yes 0.30354/0.39745 fair 0.2933 — no trade (position-open)
[orv 00:06:44] scan BTC K=62814 yes 0.14/0.15807 fair 0.1230 — no trade (position-open)
[orv 00:06:45] scan ETH K=1781.3 yes 0.32138/0.40599 fair 0.2933 — no trade (position-open)
[orv 00:07:01] scan BTC K=62814 yes 0.15/0.15807 fair 0.1229 — no trade (position-open)
[orv 00:07:02] scan ETH K=1781.3 yes 0.30874/0.40599 fair 0.2932 — no trade (position-open)
[orv 00:09:05] scan ETH K=1781.3 yes 0.3054/0.38034 fair 0.2941 — no trade (position-open)
[orv 00:09:23] scan BTC K=62814 yes 0.14975/0.167 fair 0.1319 — no trade (position-open)
[orv 00:09:24] scan ETH K=1781.3 yes 0.32516/0.42006 fair 0.2941 — no trade (position-open)
[orv 00:09:41] scan BTC K=62814 yes 0.1558/0.17 fair 0.1433 — no trade (position-open)
[orv 00:09:59] scan BTC K=62814 yes 0.16/0.17033 fair 0.1432 — no trade (position-open)
[orv 00:10:16] scan BTC K=62814 yes 0.17172/0.18463 fair 0.1431 — no trade (position-open)
[orv 00:10:17] scan ETH K=1781.3 yes 0.36313/0.43822 fair 0.3266 — no trade (position-open)
[orv 00:10:17] SUMMARY open=2 settled=0 early=3 W/L=3/0 locked=$182 realised=$14.91 fees=$3.00
[orv 00:10:35] scan BTC K=62814 yes 0.19/0.2019 fair 0.1430 — no trade (position-open)
[orv 00:10:35] scan ETH K=1781.3 yes 0.39801/0.45399 fair 0.3265 — no trade (position-open)
[orv 00:10:52] scan BTC K=62814 yes 0.19/0.21 fair 0.1700 — no trade (position-open)
[orv 00:10:53] scan ETH K=1781.3 yes 0.38764/0.47108 fair 0.3766 — no trade (position-open)
[orv 00:11:10] scan BTC K=62814 yes 0.19074/0.209 fair 0.1699 — no trade (position-open)
[orv 00:11:10] scan ETH K=1781.3 yes 0.38607/0.46818 fair 0.3766 — no trade (position-open)
[orv 00:11:27] scan BTC K=62814 yes 0.20133/0.22 fair 0.1698 — no trade (position-open)
[orv 00:11:28] scan ETH K=1781.3 yes 0.40721/0.48683 fair 0.3766 — no trade (position-open)
[orv 00:11:45] scan BTC K=62814 yes 0.19988/0.22 fair 0.1697 — no trade (position-open)
[orv 00:11:46] scan ETH K=1781.3 yes 0.41062/0.48683 fair 0.3765 — no trade (position-open)
[orv 00:12:03] scan BTC K=62814 yes 0.19845/0.219 fair 0.1764 — no trade (position-open)
[orv 00:12:03] scan ETH K=1781.3 yes 0.41062/0.48684 fair 0.3982 — no trade (position-open)
[orv 00:12:21] scan BTC K=62814 yes 0.202/0.22 fair 0.1763 — no trade (position-open)
[orv 00:12:38] scan BTC K=62814 yes 0.22/0.236 fair 0.1762 — no trade (position-open)
[orv 00:12:39] scan ETH K=1781.3 yes 0.42467/0.49639 fair 0.3981 — no trade (position-open)
[orv 00:12:57] scan BTC K=62814 yes 0.22146/0.241 fair 0.1761 — no trade (position-open)
[orv 00:12:57] scan ETH K=1781.3 yes 0.41723/0.49639 fair 0.3981 — no trade (position-open)
[orv 00:13:15] scan BTC K=62814 yes 0.22061/0.231 fair 0.1871 — no trade (position-open)
[orv 00:13:32] scan BTC K=62814 yes 0.22428/0.231 fair 0.1870 — no trade (position-open)
[orv 00:13:50] scan BTC K=62814 yes 0.23791/0.243 fair 0.1869 — no trade (position-open)
[orv 00:13:50] scan ETH K=1781.3 yes 0.41475/0.469 fair 0.3903 — no trade (position-open)
[orv 00:14:07] scan BTC K=62814 yes 0.24122/0.243 fair 0.1868 — no trade (position-open)
[orv 00:14:07] scan ETH K=1781.3 yes 0.41475/0.4924 fair 0.3902 — no trade (position-open)
[orv 00:14:25] scan BTC K=62814 yes 0.23724/0.24 fair 0.2044 — no trade (position-open)
[orv 00:14:42] scan BTC K=62814 yes 0.23069/0.242 fair 0.2043 — no trade (position-open)
[orv 00:15:00] scan BTC K=62814 yes 0.22063/0.231 fair 0.2042 — no trade (position-open)
[orv 00:15:35] scan BTC K=62814 yes 0.2015/0.211 fair 0.1694 — no trade (position-open)
[orv 00:15:52] scan BTC K=62814 yes 0.19451/0.213 fair 0.1693 — no trade (position-open)
[orv 00:16:10] scan BTC K=62814 yes 0.18451/0.199 fair 0.1692 — no trade (position-open)
[orv 00:16:27] scan BTC K=62814 yes 0.18399/0.2 fair 0.1691 — no trade (position-open)
[orv 00:16:46] scan BTC K=62814 yes 0.1835/0.2 fair 0.1549 — no trade (position-open)
[orv 00:17:04] scan BTC K=62814 yes 0.1779/0.2 fair 0.1548 — no trade (position-open)
[orv 00:17:21] scan BTC K=62814 yes 0.17233/0.19 fair 0.1547 — no trade (position-open)
[orv 00:17:39] scan BTC K=62814 yes 0.17233/0.189 fair 0.1546 — no trade (position-open)
[orv 00:17:56] scan BTC K=62814 yes 0.1715/0.189 fair 0.1482 — no trade (position-open)
[orv 00:18:14] scan BTC K=62814 yes 0.18/0.199 fair 0.1481 — no trade (position-open)
[orv 00:18:32] scan BTC K=62814 yes 0.2/0.20611 fair 0.1480 — no trade (position-open)
[orv 00:18:33] scan ETH K=1781.3 yes 0.39491/0.46765 fair 0.3552 — no trade (position-open)
[orv 00:18:50] scan BTC K=62814 yes 0.2/0.21147 fair 0.1479 — no trade (position-open)
[orv 00:18:50] scan ETH K=1781.3 yes 0.37753/0.46765 fair 0.3552 — no trade (position-open)
[orv 00:19:08] scan BTC K=62814 yes 0.2/0.215 fair 0.1736 — no trade (position-open)
[orv 00:19:25] scan BTC K=62814 yes 0.1831/0.20573 fair 0.1735 — no trade (position-open)
[orv 00:19:44] scan BTC K=62814 yes 0.19/0.20573 fair 0.1734 — no trade (position-open)
[orv 00:20:01] scan BTC K=62814 yes 0.18/0.191 fair 0.1733 — no trade (position-open)
[orv 00:20:20] scan BTC K=62814 yes 0.15959/0.16769 fair 0.1364 — no trade (position-open)
[orv 00:20:20] SUMMARY open=2 settled=0 early=3 W/L=3/0 locked=$182 realised=$14.91 fees=$3.00
[orv 00:20:38] scan BTC K=62814 yes 0.16014/0.17084 fair 0.1363 — no trade (position-open)
[orv 00:20:56] scan BTC K=62814 yes 0.16802/0.17084 fair 0.1362 — no trade (position-open)
[orv 00:20:56] scan ETH K=1781.3 yes 0.36483/0.44502 fair 0.3439 — no trade (position-open)
[orv 00:21:14] scan BTC K=62814 yes 0.1735/0.19 fair 0.1361 — no trade (position-open)
[orv 00:21:14] scan ETH K=1781.3 yes 0.37715/0.45582 fair 0.3439 — no trade (position-open)
[orv 00:21:32] scan BTC K=62814 yes 0.19/0.20086 fair 0.1723 — no trade (position-open)
[orv 00:21:50] scan BTC K=62814 yes 0.19/0.20589 fair 0.1722 — no trade (position-open)
[orv 00:22:07] scan BTC K=62814 yes 0.19262/0.21 fair 0.1721 — no trade (position-open)
[orv 00:22:25] scan BTC K=62814 yes 0.19/0.20944 fair 0.1720 — no trade (position-open)
[orv 00:22:42] scan BTC K=62814 yes 0.18059/0.199 fair 0.1582 — no trade (position-open)
[orv 00:23:00] scan BTC K=62814 yes 0.17831/0.2 fair 0.1581 — no trade (position-open)
[orv 00:23:18] scan BTC K=62814 yes 0.18/0.18349 fair 0.1580 — no trade (position-open)
[orv 00:23:35] scan BTC K=62814 yes 0.18/0.194 fair 0.1579 — no trade (position-open)
[orv 00:23:54] scan BTC K=62814 yes 0.17/0.18985 fair 0.1487 — no trade (position-open)
[orv 00:24:12] scan BTC K=62814 yes 0.18/0.1905 fair 0.1486 — no trade (position-open)
[orv 00:24:30] scan BTC K=62814 yes 0.17/0.19 fair 0.1485 — no trade (position-open)
[orv 00:24:47] scan BTC K=62814 yes 0.19/0.199 fair 0.1484 — no trade (position-open)
[orv 00:25:05] scan BTC K=62814 yes 0.19102/0.209 fair 0.1697 — no trade (position-open)
[orv 00:25:22] scan BTC K=62814 yes 0.18557/0.209 fair 0.1696 — no trade (position-open)
[orv 00:25:41] scan BTC K=62814 yes 0.19/0.203 fair 0.1694 — no trade (position-open)
[orv 00:25:58] scan BTC K=62814 yes 0.19/0.203 fair 0.1693 — no trade (position-open)
[orv 00:26:17] scan BTC K=62814 yes 0.18058/0.198 fair 0.1563 — no trade (position-open)
[orv 00:26:34] scan BTC K=62814 yes 0.17565/0.186 fair 0.1562 — no trade (position-open)
[orv 00:26:52] scan BTC K=62814 yes 0.17565/0.186 fair 0.1561 — no trade (position-open)
[orv 00:27:28] scan BTC K=62814 yes 0.16054/0.16585 fair 0.1375 — no trade (position-open)
[orv 00:27:46] scan BTC K=62814 yes 0.1535/0.16585 fair 0.1374 — no trade (position-open)
[orv 00:28:04] scan BTC K=62814 yes 0.1535/0.16585 fair 0.1373 — no trade (position-open)
[orv 00:28:21] scan BTC K=62814 yes 0.15/0.15666 fair 0.1372 — no trade (position-open)
[orv 00:28:39] scan BTC K=62814 yes 0.15/0.16165 fair 0.1353 — no trade (position-open)
[orv 00:28:57] scan BTC K=62814 yes 0.15/0.16165 fair 0.1352 — no trade (position-open)
[orv 00:29:15] scan BTC K=62814 yes 0.16/0.17405 fair 0.1351 — no trade (position-open)
[orv 00:29:33] scan BTC K=62814 yes 0.17/0.18208 fair 0.1350 — no trade (position-open)
[orv 00:29:34] scan ETH K=1781.3 yes 0.37014/0.46869 fair 0.3557 — no trade (position-open)
[orv 00:29:50] scan BTC K=62814 yes 0.17/0.18208 fair 0.1572 — no trade (position-open)
[orv 00:30:09] scan BTC K=62814 yes 0.18253/0.1985 fair 0.1571 — no trade (position-open)
[orv 00:30:09] scan ETH K=1781.3 yes 0.41829/0.50809 fair 0.3863 — no trade (position-open)
[orv 00:30:26] scan BTC K=62814 yes 0.1655/0.19 fair 0.1570 — no trade (position-open)
[orv 00:30:26] SUMMARY open=2 settled=0 early=3 W/L=3/0 locked=$182 realised=$14.91 fees=$3.00
[orv 00:30:44] scan BTC K=62814 yes 0.18/0.19549 fair 0.1569 — no trade (position-open)
[orv 00:30:45] scan ETH K=1781.3 yes 0.39425/0.48558 fair 0.3862 — no trade (position-open)
[orv 00:31:02] scan BTC K=62814 yes 0.1833/0.2 fair 0.1705 — no trade (position-open)
[orv 00:31:21] scan BTC K=62814 yes 0.18/0.2 fair 0.1703 — no trade (position-open)
[orv 00:31:38] scan BTC K=62814 yes 0.18/0.19 fair 0.1702 — no trade (position-open)
[orv 00:31:56] scan BTC K=62814 yes 0.18/0.19 fair 0.1701 — no trade (position-open)
[orv 00:32:14] scan BTC K=62814 yes 0.17/0.18949 fair 0.1564 — no trade (position-open)
[orv 00:32:32] scan BTC K=62814 yes 0.17374/0.19 fair 0.1563 — no trade (position-open)
[orv 00:32:49] scan BTC K=62814 yes 0.18/0.19 fair 0.1562 — no trade (position-open)
[orv 00:33:07] scan BTC K=62814 yes 0.18/0.19 fair 0.1561 — no trade (position-open)
[orv 00:33:25] scan BTC K=62814 yes 0.19/0.1985 fair 0.1710 — no trade (position-open)
[orv 00:33:44] scan BTC K=62814 yes 0.19/0.2 fair 0.1708 — no trade (position-open)
[orv 00:34:02] scan BTC K=62814 yes 0.2/0.22 fair 0.1707 — no trade (position-open)
[orv 00:34:02] scan ETH K=1781.3 yes 0.47507/0.55009 fair 0.4226 — no trade (position-open)
[orv 00:34:19] scan BTC K=62814 yes 0.19015/0.206 fair 0.1706 — no trade (position-open)
[orv 00:34:19] scan ETH K=1781.3 yes 0.45587/0.55008 fair 0.4226 — no trade (position-open)
[orv 00:34:37] scan BTC K=62814 yes 0.19574/0.2065 fair 0.1815 — no trade (position-open)
[orv 00:35:48] scan BTC K=62814 yes 0.18851/0.21 fair 0.1795 — no trade (position-open)
[orv 00:35:49] scan ETH K=1781.3 yes 0.49501/0.5463 fair 0.4768 — no trade (position-open)
[orv 00:36:06] scan BTC K=62814 yes 0.19009/0.209 fair 0.1794 — no trade (position-open)
[orv 00:37:00] scan BTC K=62814 yes 0.16457/0.18 fair 0.1537 — no trade (position-open)
[orv 00:37:18] scan BTC K=62814 yes 0.17172/0.19 fair 0.1536 — no trade (position-open)
[orv 00:37:19] scan ETH K=1781.3 yes 0.50001/0.54227 fair 0.4419 — no trade (position-open)
[orv 00:37:36] scan BTC K=62814 yes 0.17233/0.19 fair 0.1535 — no trade (position-open)
[orv 00:37:37] scan ETH K=1781.3 yes 0.45791/0.55436 fair 0.4419 — no trade (position-open)
[orv 00:37:54] scan BTC K=62814 yes 0.16382/0.18 fair 0.1533 — no trade (position-open)
[orv 00:37:55] scan ETH K=1781.3 yes 0.498/0.53408 fair 0.4419 — no trade (position-open)
[orv 00:38:12] scan BTC K=62814 yes 0.16105/0.17 fair 0.1496 — no trade (position-open)
[orv 00:38:47] scan BTC K=62814 yes 0.15582/0.17 fair 0.1494 — no trade (position-open)
[orv 00:39:05] scan BTC K=62814 yes 0.16295/0.17949 fair 0.1493 — no trade (position-open)
[orv 00:39:22] scan BTC K=62814 yes 0.16295/0.17665 fair 0.1545 — no trade (position-open)
[orv 00:40:15] scan BTC K=62814 yes 0.16305/0.18149 fair 0.1542 — no trade (position-open)
[orv 00:40:33] scan BTC K=62814 yes 0.1795/0.1912 fair 0.1652 — no trade (position-open)
[orv 00:40:34] SUMMARY open=2 settled=0 early=3 W/L=3/0 locked=$182 realised=$14.91 fees=$3.00
[orv 00:40:51] scan BTC K=62814 yes 0.17415/0.197 fair 0.1651 — no trade (position-open)
[orv 00:41:45] scan BTC K=62814 yes 0.15325/0.169 fair 0.1394 — no trade (position-open)
[orv 00:42:55] scan BTC K=62814 yes 0.13287/0.14567 fair 0.1265 — no trade (position-open)
[orv 00:43:13] scan BTC K=62814 yes 0.13287/0.15002 fair 0.1264 — no trade (position-open)
[orv 00:43:31] scan BTC K=62814 yes 0.13287/0.15002 fair 0.1263 — no trade (position-open)
[orv 00:43:49] scan BTC K=62814 yes 0.13379/0.15 fair 0.1262 — no trade (position-open)
[orv 00:44:06] scan BTC K=62814 yes 0.12337/0.14 fair 0.1183 — no trade (position-open)
[orv 00:44:24] scan BTC K=62814 yes 0.12337/0.13537 fair 0.1182 — no trade (position-open)
[orv 00:44:59] scan BTC K=62814 yes 0.123/0.13537 fair 0.1180 — no trade (position-open)
[orv 00:45:34] scan BTC K=62814 yes 0.142/0.15028 fair 0.1325 — no trade (position-open)
[orv 00:45:53] scan BTC K=62814 yes 0.15/0.1691 fair 0.1324 — no trade (position-open)
[orv 00:46:10] scan BTC K=62814 yes 0.145/0.16419 fair 0.1323 — no trade (position-open)
[orv 00:46:28] scan BTC K=62814 yes 0.14996/0.16349 fair 0.1416 — no trade (position-open)
[orv 00:46:45] scan BTC K=62814 yes 0.15052/0.16349 fair 0.1415 — no trade (position-open)
[orv 00:47:03] scan BTC K=62814 yes 0.15606/0.176 fair 0.1414 — no trade (position-open)
[orv 00:47:21] scan BTC K=62814 yes 0.15542/0.16668 fair 0.1413 — no trade (position-open)
[orv 00:47:39] scan BTC K=62814 yes 0.15438/0.15951 fair 0.1411 — no trade (position-open)
[orv 00:47:57] scan BTC K=62814 yes 0.15694/0.17 fair 0.1410 — no trade (position-open)
[orv 00:48:15] scan BTC K=62814 yes 0.16179/0.17 fair 0.1409 — no trade (position-open)
[orv 00:48:32] scan BTC K=62814 yes 0.15559/0.15723 fair 0.1408 — no trade (position-open)
[orv 00:48:50] scan BTC K=62814 yes 0.14783/0.15723 fair 0.1383 — no trade (position-open)
[orv 00:49:08] scan BTC K=62814 yes 0.14674/0.16 fair 0.1381 — no trade (position-open)
[orv 00:50:37] scan BTC K=62814 yes 0.15238/0.17367 fair 0.1471 — no trade (position-open)
[orv 00:50:38] SUMMARY open=2 settled=0 early=3 W/L=3/0 locked=$182 realised=$14.91 fees=$3.00
[orv 00:51:13] scan BTC K=62814 yes 0.155/0.16742 fair 0.1467 — no trade (position-open)
[orv 00:51:31] scan BTC K=62814 yes 0.155/0.17442 fair 0.1466 — no trade (position-open)
[orv 00:51:49] scan BTC K=62814 yes 0.16/0.17968 fair 0.1465 — no trade (position-open)
[orv 00:52:07] scan BTC K=62814 yes 0.17/0.183 fair 0.1464 — no trade (position-open)
[orv 00:52:08] scan ETH K=1781.3 yes 0.45432/0.56304 fair 0.4453 — no trade (position-open)
[orv 00:53:54] scan BTC K=62814 yes 0.1557/0.16942 fair 0.1486 — no trade (position-open)
[orv 00:54:11] scan BTC K=62814 yes 0.15988/0.18 fair 0.1485 — no trade (position-open)
[orv 00:54:29] scan BTC K=62814 yes 0.16418/0.183 fair 0.1484 — no trade (position-open)
[orv 00:55:24] scan BTC K=62814 yes 0.25688/0.27983 fair 0.1682 — no trade (position-open)
[orv 00:55:24] scan ETH K=1781.3 yes 0.54145/0.608 fair 0.4994 — no trade (position-open)
[orv 00:55:41] scan BTC K=62814 yes 0.321/0.33741 fair 0.1681 — no trade (position-open)
[orv 00:55:42] scan ETH K=1781.3 yes 0.56363/0.65 fair 0.4994 — no trade (position-open)
[orv 00:56:34] scan BTC K=62814 yes 0.268/0.27 fair 0.2821 — no trade (position-open)
[orv 00:56:53] scan BTC K=62814 yes 0.251/0.2571 fair 0.2820 — no trade (position-open)
[orv 00:59:32] scan ETH K=1781.3 yes 0.57101/0.62677 fair 0.5536 — no trade (position-open)
[orv 00:59:50] scan ETH K=1781.3 yes 0.57101/0.62677 fair 0.5537 — no trade (position-open)
[orv 01:00:08] scan ETH K=1781.3 yes 0.57102/0.61299 fair 0.5537 — no trade (position-open)
[orv 01:00:25] scan ETH K=1781.3 yes 0.57101/0.61299 fair 0.5537 — no trade (position-open)
[orv 01:00:43] scan ETH K=1781.3 yes 0.57101/0.61699 fair 0.5535 — no trade (position-open)
[orv 01:00:43] SUMMARY open=2 settled=0 early=3 W/L=3/0 locked=$182 realised=$14.91 fees=$3.00
[orv 01:01:01] scan ETH K=1781.3 yes 0.57101/0.62214 fair 0.5535 — no trade (position-open)
[orv 01:01:18] scan BTC K=62814 yes 0.234/0.2367 fair 0.2441 — no trade (position-open)
[orv 01:01:18] scan ETH K=1781.3 yes 0.57101/0.59399 fair 0.5536 — no trade (position-open)
[orv 01:01:36] scan ETH K=1781.3 yes 0.57101/0.59399 fair 0.5536 — no trade (position-open)
[orv 01:01:54] scan ETH K=1781.3 yes 0.571/0.59399 fair 0.5295 — no trade (position-open)
[orv 01:02:11] scan BTC K=62814 yes 0.21755/0.233 fair 0.2117 — no trade (position-open)
[orv 01:02:11] scan ETH K=1781.3 yes 0.571/0.60086 fair 0.5295 — no trade (position-open)
[orv 01:02:28] scan BTC K=62814 yes 0.22/0.242 fair 0.2116 — no trade (position-open)
[orv 01:02:28] scan ETH K=1781.3 yes 0.57101/0.62374 fair 0.5296 — no trade (position-open)
[orv 01:02:45] scan BTC K=62814 yes 0.22674/0.244 fair 0.2114 — no trade (position-open)
[orv 01:02:46] scan ETH K=1781.3 yes 0.57101/0.62374 fair 0.5296 — no trade (position-open)
[orv 01:03:04] scan ETH K=1781.3 yes 0.57101/0.62374 fair 0.5640 — no trade (position-open)
[orv 01:04:15] scan ETH K=1781.3 yes 0.56601/0.62621 fair 0.5433 — no trade (position-open)
[orv 01:04:32] scan ETH K=1781.3 yes 0.566/0.60299 fair 0.5433 — no trade (position-open)
[orv 01:04:50] scan BTC K=62814 yes 0.21/0.225 fair 0.1998 — no trade (position-open)
[orv 01:04:50] scan ETH K=1781.3 yes 0.56601/0.60536 fair 0.5434 — no trade (position-open)
[orv 01:05:08] scan ETH K=1781.3 yes 0.566/0.60453 fair 0.5434 — no trade (position-open)
[orv 01:05:26] scan ETH K=1781.3 yes 0.566/0.60453 fair 0.5338 — no trade (position-open)
[orv 01:05:44] scan ETH K=1781.3 yes 0.566/0.60453 fair 0.5338 — no trade (position-open)
[orv 01:09:35] scan BTC K=62814 yes 0.20996/0.22 fair 0.2024 — no trade (position-open)
[orv 01:09:53] scan BTC K=62814 yes 0.21227/0.22 fair 0.2023 — no trade (position-open)
[orv 01:10:10] scan BTC K=62814 yes 0.20547/0.209 fair 0.1998 — no trade (position-open)
[orv 01:10:28] scan BTC K=62814 yes 0.20544/0.218 fair 0.1997 — no trade (position-open)
[orv 01:10:46] SUMMARY open=2 settled=0 early=3 W/L=3/0 locked=$182 realised=$14.91 fees=$3.00
[orv 01:13:07] scan BTC K=62814 yes 0.21/0.214 fair 0.1982 — no trade (position-open)
[orv 01:13:25] scan BTC K=62814 yes 0.21/0.223 fair 0.1981 — no trade (position-open)
[orv 01:13:43] scan BTC K=62814 yes 0.22/0.226 fair 0.2139 — no trade (position-open)
[orv 01:15:47] scan BTC K=62814 yes 0.21/0.229 fair 0.1980 — no trade (position-open)
[orv 01:18:11] scan BTC K=62814 yes 0.24/0.25342 fair 0.2247 — no trade (position-open)
[orv 01:18:11] scan ETH K=1781.3 yes 0.63027/0.667 fair 0.5961 — no trade (position-open)
[orv 01:18:29] scan ETH K=1781.3 yes 0.63028/0.67805 fair 0.6179 — no trade (position-open)
[orv 01:18:46] scan ETH K=1781.3 yes 0.63028/0.69999 fair 0.6180 — no trade (position-open)
[orv 01:19:04] scan ETH K=1781.3 yes 0.63027/0.67986 fair 0.6180 — no trade (position-open)
[orv 01:19:22] scan ETH K=1781.3 yes 0.63028/0.66699 fair 0.6181 — no trade (position-open)
[orv 01:20:33] scan BTC K=62814 yes 0.21607/0.23 fair 0.2366 — no trade (position-open)
[orv 01:20:51] scan ETH K=1781.3 yes 0.63027/0.65549 fair 0.5891 — no trade (position-open)
[orv 01:20:51] SUMMARY open=2 settled=0 early=3 W/L=3/0 locked=$182 realised=$14.91 fees=$3.00
[orv 01:21:08] scan ETH K=1781.3 yes 0.63027/0.67179 fair 0.5892 — no trade (position-open)
[orv 01:21:26] scan ETH K=1781.3 yes 0.63027/0.65298 fair 0.5892 — no trade (position-open)
[orv 01:21:44] scan ETH K=1781.3 yes 0.63028/0.67179 fair 0.5892 — no trade (position-open)
[orv 01:22:02] scan ETH K=1781.3 yes 0.63028/0.69057 fair 0.6210 — no trade (position-open)
[orv 01:22:19] scan ETH K=1781.3 yes 0.63028/0.69057 fair 0.6211 — no trade (position-open)
[orv 01:22:36] scan BTC K=62814 yes 0.24164/0.26155 fair 0.2207 — no trade (position-open)
[orv 01:22:37] scan ETH K=1781.3 yes 0.63028/0.69999 fair 0.6211 — no trade (position-open)
[orv 01:22:54] scan BTC K=62814 yes 0.23995/0.26 fair 0.2205 — no trade (position-open)
[orv 01:22:55] scan ETH K=1781.3 yes 0.63028/0.69999 fair 0.6212 — no trade (position-open)
[orv 01:23:31] scan ETH K=1781.3 yes 0.65459/0.7 fair 0.6493 — no trade (position-open)
[orv 01:24:41] scan BTC K=62814 yes 0.27/0.29 fair 0.2497 — no trade (position-open)
[orv 01:24:58] scan BTC K=62814 yes 0.28166/0.3 fair 0.2496 — no trade (position-open)
[orv 01:25:16] scan BTC K=62814 yes 0.28239/0.3 fair 0.2495 — no trade (position-open)
[orv 01:25:52] scan BTC K=62814 yes 0.29255/0.314 fair 0.2812 — no trade (position-open)
[orv 01:28:32] scan BTC K=62814 yes 0.201/0.22793 fair 0.2385 — no trade (position-open)
[orv 01:28:50] scan BTC K=62814 yes 0.182/0.20999 fair 0.2384 — no trade (position-open)
[orv 01:29:09] scan ETH K=1781.3 yes 0.63027/0.65288 fair 0.6077 — no trade (position-open)
[orv 01:29:26] scan ETH K=1781.3 yes 0.63028/0.65289 fair 0.6077 — no trade (position-open)
[orv 01:29:45] scan ETH K=1781.3 yes 0.63027/0.65289 fair 0.6078 — no trade (position-open)
[orv 01:30:03] scan ETH K=1781.3 yes 0.63027/0.65289 fair 0.6078 — no trade (position-open)
[orv 01:30:21] scan ETH K=1781.3 yes 0.63028/0.66499 fair 0.6208 — no trade (position-open)
[orv 01:30:38] scan BTC K=62814 yes 0.18378/0.20834 fair 0.2231 — no trade (position-open)
[orv 01:30:39] scan ETH K=1781.3 yes 0.63027/0.64632 fair 0.6208 — no trade (position-open)
[orv 01:30:57] scan BTC K=62814 yes 0.19213/0.20834 fair 0.2229 — no trade (position-open)
[orv 01:30:57] scan ETH K=1781.3 yes 0.63027/0.64632 fair 0.6209 — no trade (position-open)
[orv 01:30:57] SUMMARY open=2 settled=0 early=3 W/L=3/0 locked=$182 realised=$14.91 fees=$3.00
[orv 01:31:14] scan BTC K=62814 yes 0.18466/0.21 fair 0.2228 — no trade (position-open)
[orv 01:31:15] scan ETH K=1781.3 yes 0.63027/0.64846 fair 0.6209 — no trade (position-open)
[orv 01:31:49] scan BTC K=62814 yes 0.21138/0.22823 fair 0.1951 — no trade (position-open)
[orv 01:32:07] scan BTC K=62814 yes 0.23/0.2443 fair 0.1950 — no trade (position-open)
[orv 01:32:07] scan ETH K=1781.3 yes 0.61501/0.65957 fair 0.5784 — no trade (position-open)
[orv 01:32:24] scan BTC K=62814 yes 0.225/0.25 fair 0.1948 — no trade (position-open)
[orv 01:32:43] scan ETH K=1781.3 yes 0.62001/0.65956 fair 0.5944 — no trade (position-open)
[orv 01:34:45] scan BTC K=62814 yes 0.21856/0.22 fair 0.2275 — no trade (position-open)
[orv 01:35:21] scan BTC K=62814 yes 0.23126/0.244 fair 0.2149 — no trade (position-open)
[orv 01:36:14] scan ETH K=1781.3 yes 0.57701/0.616 fair 0.5628 — no trade (position-open)
[orv 01:36:32] scan ETH K=1781.3 yes 0.57701/0.59391 fair 0.5628 — no trade (position-open)
[orv 01:40:06] scan ETH K=1781.3 yes 0.566/0.60835 fair 0.5513 — no trade (position-open)
[orv 01:41:00] scan ETH K=1781.3 yes 0.564/0.60835 fair 0.5397 — no trade (position-open)
[orv 01:41:00] SUMMARY open=2 settled=0 early=3 W/L=3/0 locked=$182 realised=$14.91 fees=$3.00
[orv 01:41:35] scan BTC K=62814 yes 0.16/0.179 fair 0.1962 — no trade (position-open)
[orv 01:41:54] scan BTC K=62814 yes 0.15863/0.177 fair 0.1960 — no trade (position-open)
[orv 01:42:13] scan ETH K=1781.3 yes 0.54401/0.58232 fair 0.5252 — no trade (position-open)
[orv 01:42:30] scan ETH K=1781.3 yes 0.54401/0.58231 fair 0.5252 — no trade (position-open)
[orv 01:43:42] scan ETH K=1781.3 yes 0.55801/0.66066 fair 0.5402 — no trade (position-open)
[orv 01:44:18] scan ETH K=1781.3 yes 0.55301/0.593 fair 0.5403 — no trade (position-open)
[orv 01:44:36] scan ETH K=1781.3 yes 0.55301/0.593 fair 0.5346 — no trade (position-open)
[orv 01:44:54] scan BTC K=62814 yes 0.17/0.189 fair 0.1959 — no trade (position-open)
[orv 01:45:12] scan ETH K=1781.3 yes 0.55101/0.593 fair 0.5346 — no trade (position-open)
[orv 01:45:29] scan ETH K=1781.3 yes 0.55101/0.593 fair 0.5346 — no trade (position-open)
[orv 01:46:05] scan BTC K=62814 yes 0.1747/0.189 fair 0.2004 — no trade (position-open)
[orv 01:46:23] scan BTC K=62814 yes 0.1747/0.189 fair 0.2003 — no trade (position-open)
[orv 01:46:23] scan ETH K=1781.3 yes 0.57401/0.59448 fair 0.5600 — no trade (position-open)
[orv 01:46:41] scan BTC K=62814 yes 0.17163/0.179 fair 0.2001 — no trade (position-open)
[orv 01:46:41] scan ETH K=1781.3 yes 0.574/0.59448 fair 0.5601 — no trade (position-open)
[orv 01:46:59] scan BTC K=62814 yes 0.16675/0.179 fair 0.1849 — no trade (position-open)
[orv 01:47:00] scan ETH K=1781.3 yes 0.556/0.59448 fair 0.5369 — no trade (position-open)
[orv 01:48:11] scan BTC K=62814 yes 0.16084/0.18142 fair 0.1889 — no trade (position-open)
[orv 01:49:41] scan BTC K=62814 yes 0.18803/0.199 fair 0.2056 — no trade (position-open)
[orv 01:49:58] scan BTC K=62814 yes 0.18755/0.2 fair 0.2055 — no trade (position-open)
[orv 01:49:59] scan ETH K=1781.3 yes 0.58401/0.61898 fair 0.5674 — no trade (position-open)
[orv 01:50:16] scan BTC K=62814 yes 0.18381/0.19 fair 0.2053 — no trade (position-open)
[orv 01:50:35] scan ETH K=1781.3 yes 0.57701/0.61898 fair 0.5566 — no trade (position-open)
[orv 01:50:53] scan BTC K=62814 yes 0.16794/0.17 fair 0.1939 — no trade (position-open)
[orv 01:51:10] scan BTC K=62814 yes 0.16149/0.17 fair 0.1938 — no trade (position-open)
[orv 01:51:10] SUMMARY open=2 settled=0 early=3 W/L=3/0 locked=$182 realised=$14.91 fees=$3.00
[orv 01:51:27] scan BTC K=62814 yes 0.16149/0.17 fair 0.1936 — no trade (position-open)
[orv 01:52:22] scan BTC K=62814 yes 0.18897/0.202 fair 0.1791 — no trade (position-open)
[orv 01:52:40] scan BTC K=62814 yes 0.1954/0.211 fair 0.1790 — no trade (position-open)
[orv 01:53:16] scan BTC K=62814 yes 0.18/0.198 fair 0.2104 — no trade (position-open)
[orv 01:53:34] scan BTC K=62814 yes 0.18/0.2 fair 0.2103 — no trade (position-open)
[orv 01:53:52] scan BTC K=62814 yes 0.18/0.198 fair 0.2101 — no trade (position-open)
[orv 01:54:11] scan ETH K=1781.3 yes 0.56901/0.61776 fair 0.5388 — no trade (position-open)
[orv 01:54:29] scan ETH K=1781.3 yes 0.56901/0.61776 fair 0.5389 — no trade (position-open)
[orv 01:54:46] scan ETH K=1781.3 yes 0.56901/0.61776 fair 0.5389 — no trade (position-open)
[orv 01:55:05] scan ETH K=1781.3 yes 0.56901/0.61774 fair 0.5389 — no trade (position-open)
[orv 01:55:22] scan BTC K=62814 yes 0.18/0.18622 fair 0.1932 — no trade (position-open)
[orv 01:55:23] scan ETH K=1781.3 yes 0.56901/0.61776 fair 0.5375 — no trade (position-open)
[orv 01:55:40] scan ETH K=1781.3 yes 0.56901/0.61776 fair 0.5375 — no trade (position-open)
[orv 01:55:59] scan ETH K=1781.3 yes 0.56901/0.61776 fair 0.5375 — no trade (position-open)
[orv 01:56:16] scan ETH K=1781.3 yes 0.56901/0.61776 fair 0.5375 — no trade (position-open)
[orv 01:56:34] scan ETH K=1781.3 yes 0.56901/0.61776 fair 0.5387 — no trade (position-open)
[orv 01:56:52] scan ETH K=1781.3 yes 0.56601/0.60857 fair 0.5388 — no trade (position-open)
[orv 01:57:11] scan ETH K=1781.3 yes 0.56601/0.60857 fair 0.5388 — no trade (position-open)
[orv 01:57:46] scan BTC K=62814 yes 0.18/0.195 fair 0.2019 — no trade (position-open)
[orv 01:59:17] scan ETH K=1781.3 yes 0.56501/0.60938 fair 0.5490 — no trade (position-open)
[orv 01:59:34] scan BTC K=62814 yes 0.1999/0.20211 fair 0.2082 — no trade (position-open)
[orv 01:59:34] scan ETH K=1781.3 yes 0.56502/0.60499 fair 0.5490 — no trade (position-open)
[orv 01:59:53] scan ETH K=1781.3 yes 0.56502/0.60499 fair 0.5490 — no trade (position-open)
[orv 02:00:10] scan ETH K=1781.3 yes 0.56502/0.60498 fair 0.5361 — no trade (position-open)
[orv 02:00:28] scan BTC K=62814 yes 0.1643/0.17 fair 0.1975 — no trade (position-open)
[orv 02:00:29] scan ETH K=1781.3 yes 0.565/0.584 fair 0.5361 — no trade (position-open)
[orv 02:00:46] scan BTC K=62814 yes 0.15784/0.17 fair 0.1974 — no trade (position-open)
[orv 02:01:04] scan BTC K=62814 yes 0.1526/0.17 fair 0.1972 — no trade (position-open)
[orv 02:01:21] SUMMARY open=2 settled=0 early=3 W/L=3/0 locked=$182 realised=$14.91 fees=$3.00
[orv 02:01:40] scan ETH K=1781.3 yes 0.52701/0.59928 fair 0.5014 — no trade (position-open)
[orv 02:02:15] scan ETH K=1781.3 yes 0.52501/0.55242 fair 0.5014 — no trade (position-open)
[orv 02:02:34] scan ETH K=1781.3 yes 0.52501/0.56499 fair 0.5002 — no trade (position-open)
[orv 02:03:10] scan ETH K=1781.3 yes 0.55401/0.6175 fair 0.5002 — no trade (position-open)
[orv 02:03:27] scan ETH K=1781.3 yes 0.52587/0.64092 fair 0.5002 — no trade (position-open)
[orv 02:04:21] scan BTC K=62814 yes 0.182/0.2 fair 0.2094 — no trade (position-open)
[orv 02:04:21] scan ETH K=1781.3 yes 0.59901/0.63899 fair 0.5709 — no trade (position-open)
[orv 02:04:38] scan BTC K=62814 yes 0.182/0.19818 fair 0.2093 — no trade (position-open)
[orv 02:05:14] scan ETH K=1781.3 yes 0.59201/0.632 fair 0.5705 — no trade (position-open)
[orv 02:05:32] scan ETH K=1781.3 yes 0.59201/0.63199 fair 0.5705 — no trade (position-open)
[orv 02:05:50] scan ETH K=1781.3 yes 0.59201/0.632 fair 0.5706 — no trade (position-open)
[orv 02:07:02] scan ETH K=1781.3 yes 0.616/0.66265 fair 0.5810 — no trade (position-open)
[orv 02:07:19] scan ETH K=1781.3 yes 0.63601/0.70723 fair 0.6226 — no trade (position-open)
[orv 02:07:54] scan ETH K=1781.3 yes 0.63901/0.707 fair 0.6227 — no trade (position-open)
[orv 02:09:24] scan BTC K=62814 yes 0.23204/0.24757 fair 0.2562 — no trade (position-open)
[orv 02:10:18] scan BTC K=62814 yes 0.21625/0.23 fair 0.2362 — no trade (position-open)
[orv 02:10:18] scan ETH K=1781.3 yes 0.602/0.63833 fair 0.5820 — no trade (position-open)
[orv 02:10:54] scan ETH K=1781.3 yes 0.58801/0.63833 fair 0.5554 — no trade (position-open)
[orv 02:11:11] scan BTC K=62814 yes 0.20575/0.216 fair 0.2290 — no trade (position-open)
[orv 02:11:29] scan BTC K=62814 yes 0.2074/0.221 fair 0.2288 — no trade (position-open)
[orv 02:11:30] SUMMARY open=2 settled=0 early=3 W/L=3/0 locked=$182 realised=$14.91 fees=$3.00
[orv 02:11:47] scan BTC K=62814 yes 0.2074/0.221 fair 0.2287 — no trade (position-open)
[orv 02:11:47] scan ETH K=1781.3 yes 0.58401/0.63812 fair 0.5555 — no trade (position-open)
[orv 02:12:06] scan ETH K=1781.3 yes 0.58201/0.63813 fair 0.5560 — no trade (position-open)
[orv 02:12:24] scan BTC K=62814 yes 0.1909/0.199 fair 0.2156 — no trade (position-open)
[orv 02:12:24] scan ETH K=1781.3 yes 0.58201/0.61339 fair 0.5561 — no trade (position-open)
[orv 02:12:41] scan BTC K=62814 yes 0.16776/0.18 fair 0.2154 — no trade (position-open)
[orv 02:12:59] scan BTC K=62814 yes 0.1613/0.17 fair 0.2153 — no trade (position-open)
[orv 02:13:16] scan BTC K=62814 yes 0.1613/0.17 fair 0.1770 — no trade (position-open)
[orv 02:13:17] scan ETH K=1781.3 yes 0.55/0.58893 fair 0.5109 — no trade (position-open)
[orv 02:14:10] scan BTC K=62814 yes 0.15/0.16946 fair 0.1765 — no trade (position-open)
[orv 02:14:10] scan ETH K=1781.3 yes 0.55501/0.593 fair 0.5109 — no trade (position-open)
[orv 02:14:27] scan BTC K=62814 yes 0.15/0.16946 fair 0.1781 — no trade (position-open)
[orv 02:14:45] scan BTC K=62814 yes 0.15/0.16946 fair 0.1779 — no trade (position-open)
[orv 02:15:03] scan BTC K=62814 yes 0.15/0.16946 fair 0.1778 — no trade (position-open)
[orv 02:15:03] scan ETH K=1781.3 yes 0.546/0.58797 fair 0.5191 — no trade (position-open)
[orv 02:15:20] scan BTC K=62814 yes 0.14/0.15853 fair 0.1776 — no trade (position-open)
[orv 02:15:38] scan BTC K=62814 yes 0.145/0.16606 fair 0.1718 — no trade (position-open)
[orv 02:15:56] scan BTC K=62814 yes 0.145/0.16 fair 0.1716 — no trade (position-open)
[orv 02:16:13] scan BTC K=62814 yes 0.145/0.16606 fair 0.1715 — no trade (position-open)
[orv 02:16:48] scan BTC K=62814 yes 0.16/0.1693 fair 0.1805 — no trade (position-open)
[orv 02:16:49] scan ETH K=1781.3 yes 0.55101/0.58704 fair 0.5288 — no trade (position-open)
[orv 02:18:00] scan ETH K=1781.3 yes 0.54901/0.58943 fair 0.5143 — no trade (position-open)
[orv 02:18:17] scan BTC K=62814 yes 0.15028/0.174 fair 0.1814 — no trade (position-open)
[orv 02:18:34] scan BTC K=62814 yes 0.16/0.174 fair 0.1812 — no trade (position-open)
[orv 02:18:52] scan BTC K=62814 yes 0.16/0.174 fair 0.1810 — no trade (position-open)
[orv 02:19:27] scan BTC K=62814 yes 0.13533/0.149 fair 0.1630 — no trade (position-open)
[orv 02:19:45] scan BTC K=62814 yes 0.13/0.146 fair 0.1628 — no trade (position-open)
[orv 02:19:45] scan ETH K=1781.3 yes 0.476/0.51831 fair 0.4625 — no trade (position-open)
[orv 02:20:02] scan BTC K=62814 yes 0.13/0.146 fair 0.1626 — no trade (position-open)
[orv 02:20:56] scan ETH K=1781.3 yes 0.481/0.51744 fair 0.4317 — no trade (position-open)
[orv 02:21:32] SUMMARY open=2 settled=0 early=3 W/L=3/0 locked=$182 realised=$14.91 fees=$3.00
[orv 02:22:24] scan ETH K=1781.3 yes 0.48401/0.51425 fair 0.4312 — no trade (position-open)
[orv 02:23:00] scan ETH K=1781.3 yes 0.49101/0.51424 fair 0.4517 — no trade (position-open)
[orv 02:23:19] scan BTC K=62814 yes 0.12/0.13 fair 0.1354 — no trade (position-open)
[orv 02:23:37] scan BTC K=62814 yes 0.12/0.12702 fair 0.1352 — no trade (position-open)
[orv 02:25:07] scan BTC K=62814 yes 0.118/0.12166 fair 0.1104 — no trade (position-open)
[orv 02:25:25] scan BTC K=62814 yes 0.11805/0.12 fair 0.1102 — no trade (position-open)
[orv 02:25:42] scan BTC K=62814 yes 0.11805/0.12 fair 0.1101 — no trade (position-open)
[orv 02:26:00] scan BTC K=62814 yes 0.11805/0.12 fair 0.1099 — no trade (position-open)
[orv 02:26:18] scan BTC K=62814 yes 0.11805/0.12166 fair 0.1033 — no trade (position-open)
[orv 02:26:36] scan BTC K=62814 yes 0.11805/0.12 fair 0.1032 — no trade (position-open)
[orv 02:26:55] scan BTC K=62814 yes 0.11/0.12166 fair 0.1030 — no trade (position-open)
[orv 02:27:12] scan BTC K=62814 yes 0.11/0.12166 fair 0.1029 — no trade (position-open)
[orv 02:27:31] scan BTC K=62814 yes 0.11/0.119 fair 0.0828 — no trade (position-open)
[orv 02:27:48] scan BTC K=62814 yes 0.11/0.11549 fair 0.0826 — no trade (position-open)
[orv 02:28:06] scan BTC K=62814 yes 0.11/0.119 fair 0.0825 — no trade (position-open)
[orv 02:28:23] scan BTC K=62814 yes 0.11/0.118 fair 0.0824 — no trade (position-open)
[orv 02:28:41] scan BTC K=62814 yes 0.11/0.13295 fair 0.0875 — no trade (position-open)
[orv 02:28:59] scan BTC K=62814 yes 0.11/0.14 fair 0.0873 — no trade (position-open)
[orv 02:29:17] scan BTC K=62814 yes 0.12/0.137 fair 0.0872 — no trade (position-open)
[orv 02:29:18] scan ETH K=1781.3 yes 0.29251/0.38984 fair 0.2875 — no trade (position-open)
[orv 02:29:35] scan BTC K=62814 yes 0.12/0.139 fair 0.0870 — no trade (position-open)
[orv 02:29:35] scan ETH K=1781.3 yes 0.29251/0.38984 fair 0.2874 — no trade (position-open)
[orv 02:29:53] scan BTC K=62814 yes 0.12/0.15 fair 0.0994 — no trade (position-open)
[orv 02:30:10] scan BTC K=62814 yes 0.12/0.149 fair 0.0993 — no trade (position-open)
[orv 02:30:29] scan BTC K=62814 yes 0.13/0.149 fair 0.0991 — no trade (position-open)
[orv 02:30:29] scan ETH K=1781.3 yes 0.3408/0.43945 fair 0.3315 — no trade (position-open)
[orv 02:30:47] scan BTC K=62814 yes 0.13/0.149 fair 0.0990 — no trade (position-open)
[orv 02:30:48] scan ETH K=1781.3 yes 0.3408/0.43945 fair 0.3315 — no trade (position-open)
[orv 02:31:05] scan BTC K=62814 yes 0.15/0.1545 fair 0.1182 — no trade (position-open)
[orv 02:31:24] scan BTC K=62814 yes 0.15863/0.18 fair 0.1180 — no trade (position-open)
[orv 02:31:41] scan BTC K=62814 yes 0.152/0.18 fair 0.1178 — no trade (position-open)
[orv 02:31:42] SUMMARY open=2 settled=0 early=3 W/L=3/0 locked=$182 realised=$14.91 fees=$3.00
[orv 02:32:00] scan BTC K=62814 yes 0.152/0.18 fair 0.1177 — no trade (position-open)
[orv 02:32:17] scan BTC K=62814 yes 0.14309/0.17 fair 0.1191 — no trade (position-open)
[orv 02:32:35] scan BTC K=62814 yes 0.14309/0.17 fair 0.1190 — no trade (position-open)
[orv 02:32:53] scan BTC K=62814 yes 0.14309/0.17 fair 0.1188 — no trade (position-open)
[orv 02:33:11] scan BTC K=62814 yes 0.13629/0.16 fair 0.1187 — no trade (position-open)
[orv 02:33:29] scan BTC K=62814 yes 0.141/0.16 fair 0.1176 — no trade (position-open)
[orv 02:33:47] scan BTC K=62814 yes 0.141/0.16 fair 0.1174 — no trade (position-open)
[orv 02:34:04] scan BTC K=62814 yes 0.141/0.16917 fair 0.1173 — no trade (position-open)
[orv 02:34:23] scan BTC K=62814 yes 0.15/0.16917 fair 0.1171 — no trade (position-open)
[orv 02:34:41] scan BTC K=62814 yes 0.14/0.16 fair 0.1167 — no trade (position-open)
[orv 02:34:58] scan BTC K=62814 yes 0.13629/0.16 fair 0.1166 — no trade (position-open)
[orv 02:35:15] scan BTC K=62814 yes 0.141/0.16917 fair 0.1164 — no trade (position-open)
[orv 02:35:33] scan BTC K=62814 yes 0.14/0.16 fair 0.1163 — no trade (position-open)
[orv 02:35:50] scan BTC K=62814 yes 0.14/0.16917 fair 0.1197 — no trade (position-open)
[orv 02:36:08] scan BTC K=62814 yes 0.15/0.16917 fair 0.1195 — no trade (position-open)
[orv 02:36:25] scan BTC K=62814 yes 0.14/0.16917 fair 0.1194 — no trade (position-open)
[orv 02:36:43] scan BTC K=62814 yes 0.14/0.16917 fair 0.1192 — no trade (position-open)
[orv 02:37:01] scan BTC K=62814 yes 0.15/0.16917 fair 0.1234 — no trade (position-open)
[orv 02:37:19] scan BTC K=62814 yes 0.14/0.16917 fair 0.1232 — no trade (position-open)
[orv 02:37:36] scan BTC K=62814 yes 0.15/0.176 fair 0.1231 — no trade (position-open)
[orv 02:37:54] scan BTC K=62814 yes 0.16/0.176 fair 0.1229 — no trade (position-open)
[orv 02:38:12] scan BTC K=62814 yes 0.16/0.183 fair 0.1353 — no trade (position-open)
[orv 02:38:30] scan BTC K=62814 yes 0.17/0.189 fair 0.1351 — no trade (position-open)
[orv 02:38:48] scan BTC K=62814 yes 0.17/0.194 fair 0.1349 — no trade (position-open)
[orv 02:39:06] scan BTC K=62814 yes 0.17/0.198 fair 0.1348 — no trade (position-open)
[orv 02:39:24] scan BTC K=62814 yes 0.19/0.21384 fair 0.1507 — no trade (position-open)
[orv 02:39:42] scan BTC K=62814 yes 0.19/0.209 fair 0.1505 — no trade (position-open)
[orv 02:39:59] scan BTC K=62814 yes 0.21/0.22969 fair 0.1504 — no trade (position-open)
[orv 02:40:00] scan ETH K=1781.3 yes 0.43692/0.60593 fair 0.4102 — no trade (position-open)
[orv 02:40:17] scan BTC K=62814 yes 0.21/0.229 fair 0.1502 — no trade (position-open)
[orv 02:40:17] scan ETH K=1781.3 yes 0.43692/0.55048 fair 0.4102 — no trade (position-open)
[orv 02:40:35] scan BTC K=62814 yes 0.22063/0.24 fair 0.1876 — no trade (position-open)
[orv 02:40:53] scan BTC K=62814 yes 0.22/0.24 fair 0.1874 — no trade (position-open)
[orv 02:41:11] scan BTC K=62814 yes 0.241/0.27 fair 0.1872 — no trade (position-open)
[orv 02:41:11] scan ETH K=1781.3 yes 0.50759/0.63301 fair 0.4671 — no trade (position-open)
[orv 02:41:28] scan BTC K=62814 yes 0.231/0.26 fair 0.1870 — no trade (position-open)
[orv 02:41:29] scan ETH K=1781.3 yes 0.573/0.63301 fair 0.4671 — no trade (position-open)
[orv 02:41:47] scan BTC K=62814 yes 0.224/0.25 fair 0.2008 — no trade (position-open)
[orv 02:41:47] scan ETH K=1781.3 yes 0.573/0.60468 fair 0.5111 — no trade (position-open)
[orv 02:41:47] SUMMARY open=2 settled=0 early=3 W/L=3/0 locked=$182 realised=$14.91 fees=$3.00
[orv 02:42:04] scan BTC K=62814 yes 0.22/0.25 fair 0.2006 — no trade (position-open)
[orv 02:42:22] scan BTC K=62814 yes 0.22/0.24 fair 0.2005 — no trade (position-open)
[orv 02:42:23] scan ETH K=1781.3 yes 0.568/0.608 fair 0.5112 — no trade (position-open)
[orv 02:42:39] scan BTC K=62814 yes 0.2235/0.24719 fair 0.2003 — no trade (position-open)
[orv 02:42:40] scan ETH K=1781.3 yes 0.56801/0.60799 fair 0.5112 — no trade (position-open)
[orv 02:42:58] scan BTC K=62814 yes 0.2215/0.24174 fair 0.2045 — no trade (position-open)
[orv 02:42:58] scan ETH K=1781.3 yes 0.56801/0.60799 fair 0.5280 — no trade (position-open)
[orv 02:43:15] scan BTC K=62814 yes 0.2295/0.24266 fair 0.2044 — no trade (position-open)
[orv 02:43:33] scan BTC K=62814 yes 0.23/0.24266 fair 0.2042 — no trade (position-open)
[orv 02:43:34] scan ETH K=1781.3 yes 0.57101/0.62465 fair 0.5281 — no trade (position-open)
[orv 02:43:50] scan BTC K=62814 yes 0.24/0.2505 fair 0.2040 — no trade (position-open)
[orv 02:43:51] scan ETH K=1781.3 yes 0.57101/0.62863 fair 0.5281 — no trade (position-open)
[orv 02:44:08] scan BTC K=62814 yes 0.2395/0.25136 fair 0.2053 — no trade (position-open)
[orv 02:44:09] scan ETH K=1781.3 yes 0.57101/0.62863 fair 0.5324 — no trade (position-open)
[orv 02:44:26] scan BTC K=62814 yes 0.233/0.25949 fair 0.2052 — no trade (position-open)
[orv 02:44:26] scan ETH K=1781.3 yes 0.571/0.614 fair 0.5324 — no trade (position-open)
[orv 02:44:43] scan BTC K=62814 yes 0.25/0.26 fair 0.2050 — no trade (position-open)
[orv 02:44:44] scan ETH K=1781.3 yes 0.57101/0.614 fair 0.5324 — no trade (position-open)
[orv 02:45:01] scan BTC K=62814 yes 0.236/0.26 fair 0.2048 — no trade (position-open)
[orv 02:45:19] scan BTC K=62814 yes 0.234/0.26 fair 0.2119 — no trade (position-open)
[orv 02:45:36] scan BTC K=62814 yes 0.241/0.26 fair 0.2118 — no trade (position-open)
[orv 02:45:54] scan BTC K=62814 yes 0.25/0.26 fair 0.2116 — no trade (position-open)
[orv 02:46:12] scan BTC K=62814 yes 0.25/0.26 fair 0.2114 — no trade (position-open)
[orv 02:46:13] scan ETH K=1781.3 yes 0.5509/0.6748 fair 0.5431 — no trade (position-open)
[orv 02:46:30] scan BTC K=62814 yes 0.24/0.26 fair 0.2141 — no trade (position-open)
[orv 02:46:31] scan ETH K=1781.3 yes 0.59/0.64558 fair 0.5353 — no trade (position-open)
[orv 02:46:48] scan BTC K=62814 yes 0.25/0.26 fair 0.2139 — no trade (position-open)
[orv 02:47:05] scan BTC K=62814 yes 0.271/0.29 fair 0.2137 — no trade (position-open)
[orv 02:47:06] scan ETH K=1781.3 yes 0.58501/0.67211 fair 0.5354 — no trade (position-open)
[orv 02:47:23] scan BTC K=62814 yes 0.25489/0.28 fair 0.2135 — no trade (position-open)
[orv 02:47:23] scan ETH K=1781.3 yes 0.58501/0.67211 fair 0.5354 — no trade (position-open)
[orv 02:47:40] scan BTC K=62814 yes 0.261/0.28 fair 0.2380 — no trade (position-open)
[orv 02:47:41] scan ETH K=1781.3 yes 0.58501/0.67211 fair 0.5560 — no trade (position-open)
[orv 02:47:58] scan BTC K=62814 yes 0.25/0.26 fair 0.2378 — no trade (position-open)
[orv 02:47:58] scan ETH K=1781.3 yes 0.58501/0.62799 fair 0.5561 — no trade (position-open)
[orv 02:48:16] scan BTC K=62814 yes 0.251/0.2665 fair 0.2377 — no trade (position-open)
[orv 02:48:16] scan ETH K=1781.3 yes 0.58501/0.62799 fair 0.5561 — no trade (position-open)
[orv 02:48:34] scan BTC K=62814 yes 0.251/0.2665 fair 0.2375 — no trade (position-open)
[orv 02:48:34] scan ETH K=1781.3 yes 0.58501/0.62799 fair 0.5562 — no trade (position-open)
[orv 02:48:52] scan BTC K=62814 yes 0.25/0.26 fair 0.2249 — no trade (position-open)
[orv 02:49:10] scan BTC K=62814 yes 0.234/0.25 fair 0.2247 — no trade (position-open)
[orv 02:49:11] scan ETH K=1781.3 yes 0.572/0.63997 fair 0.5407 — no trade (position-open)
[orv 02:49:28] scan BTC K=62814 yes 0.231/0.25 fair 0.2245 — no trade (position-open)
[orv 02:49:46] scan BTC K=62814 yes 0.23/0.25509 fair 0.2243 — no trade (position-open)
[orv 02:50:03] scan BTC K=62814 yes 0.23/0.25509 fair 0.2190 — no trade (position-open)
[orv 02:50:22] scan ETH K=1781.3 yes 0.59901/0.66874 fair 0.5590 — no trade (position-open)
[orv 02:50:39] scan BTC K=62814 yes 0.19651/0.21 fair 0.2187 — no trade (position-open)
[orv 02:50:57] scan BTC K=62814 yes 0.1753/0.19 fair 0.2185 — no trade (position-open)
[orv 02:50:57] scan ETH K=1781.3 yes 0.578/0.618 fair 0.5591 — no trade (position-open)
[orv 02:51:14] scan BTC K=62814 yes 0.1695/0.189 fair 0.2048 — no trade (position-open)
[orv 02:51:15] scan ETH K=1781.3 yes 0.53001/0.6123 fair 0.5194 — no trade (position-open)
[orv 02:51:33] scan BTC K=62814 yes 0.166/0.189 fair 0.2047 — no trade (position-open)
[orv 02:51:33] scan ETH K=1781.3 yes 0.53001/0.6123 fair 0.5195 — no trade (position-open)
[orv 02:51:50] scan BTC K=62814 yes 0.166/0.18839 fair 0.2045 — no trade (position-open)
[orv 02:51:50] scan ETH K=1781.3 yes 0.55401/0.60878 fair 0.5195 — no trade (position-open)
[orv 02:51:50] SUMMARY open=2 settled=0 early=3 W/L=3/0 locked=$182 realised=$14.91 fees=$3.00
[orv 02:52:08] scan BTC K=62814 yes 0.166/0.17903 fair 0.2043 — no trade (position-open)
[orv 02:52:08] scan ETH K=1781.3 yes 0.53/0.59499 fair 0.5195 — no trade (position-open)
[orv 02:52:26] scan BTC K=62814 yes 0.166/0.175 fair 0.1945 — no trade (position-open)
[orv 02:52:27] scan ETH K=1781.3 yes 0.53001/0.58021 fair 0.4930 — no trade (position-open)
[orv 02:52:44] scan BTC K=62814 yes 0.15/0.16949 fair 0.1943 — no trade (position-open)
[orv 02:52:44] scan ETH K=1781.3 yes 0.53001/0.58021 fair 0.4930 — no trade (position-open)
[orv 02:53:02] scan BTC K=62814 yes 0.15/0.17173 fair 0.1941 — no trade (position-open)
[orv 02:53:02] scan ETH K=1781.3 yes 0.53001/0.58021 fair 0.4930 — no trade (position-open)
[orv 02:53:19] scan BTC K=62814 yes 0.15/0.16913 fair 0.1940 — no trade (position-open)
[orv 02:53:20] scan ETH K=1781.3 yes 0.53001/0.58021 fair 0.4930 — no trade (position-open)
[orv 02:53:37] scan BTC K=62814 yes 0.14646/0.154 fair 0.1765 — no trade (position-open)
[orv 02:53:38] scan ETH K=1781.3 yes 0.53/0.55222 fair 0.4640 — no trade (position-open)
[orv 02:53:55] scan BTC K=62814 yes 0.131/0.15349 fair 0.1763 — no trade (position-open)
[orv 02:53:55] scan ETH K=1781.3 yes 0.53/0.5522 fair 0.4639 — no trade (position-open)
[orv 02:54:12] scan BTC K=62814 yes 0.14/0.15269 fair 0.1761 — no trade (position-open)
[orv 02:54:13] scan ETH K=1781.3 yes 0.53/0.55221 fair 0.4639 — no trade (position-open)
[orv 02:54:30] scan BTC K=62814 yes 0.13/0.14839 fair 0.1759 — no trade (position-open)
[orv 02:54:30] scan ETH K=1781.3 yes 0.53/0.55221 fair 0.4639 — no trade (position-open)
[orv 02:54:48] scan BTC K=62814 yes 0.13/0.14869 fair 0.1758 — no trade (position-open)
[orv 02:55:05] scan BTC K=62814 yes 0.1235/0.14354 fair 0.1757 — no trade (position-open)
[orv 02:55:06] scan ETH K=1781.3 yes 0.514/0.55221 fair 0.4662 — no trade (position-open)
[orv 02:55:23] scan BTC K=62814 yes 0.13/0.1465 fair 0.1755 — no trade (position-open)
[orv 02:55:41] scan BTC K=62814 yes 0.13/0.1465 fair 0.1753 — no trade (position-open)
[orv 02:55:41] scan ETH K=1781.3 yes 0.51801/0.57747 fair 0.4662 — no trade (position-open)
[orv 02:55:59] scan BTC K=62814 yes 0.14/0.156 fair 0.1790 — no trade (position-open)
[orv 02:56:18] scan BTC K=62814 yes 0.1395/0.156 fair 0.1788 — no trade (position-open)
[orv 02:56:18] scan ETH K=1781.3 yes 0.52801/0.57746 fair 0.4815 — no trade (position-open)
[orv 02:56:35] scan BTC K=62814 yes 0.13051/0.156 fair 0.1786 — no trade (position-open)
[orv 02:56:54] scan BTC K=62814 yes 0.13051/0.156 fair 0.1784 — no trade (position-open)
[orv 02:57:11] scan BTC K=62814 yes 0.13051/0.156 fair 0.1791 — no trade (position-open)
[orv 02:57:29] scan BTC K=62814 yes 0.14/0.156 fair 0.1789 — no trade (position-open)
[orv 02:57:46] scan BTC K=62814 yes 0.14/0.156 fair 0.1787 — no trade (position-open)
[orv 02:57:47] scan ETH K=1781.3 yes 0.52301/0.57448 fair 0.4776 — no trade (position-open)
[orv 02:58:03] scan BTC K=62814 yes 0.14/0.156 fair 0.1785 — no trade (position-open)
[orv 02:58:04] scan ETH K=1781.3 yes 0.52301/0.56299 fair 0.4776 — no trade (position-open)
[orv 02:58:22] scan BTC K=62814 yes 0.1395/0.156 fair 0.1805 — no trade (position-open)
[orv 02:58:22] scan ETH K=1781.3 yes 0.52301/0.56299 fair 0.4770 — no trade (position-open)
[orv 02:58:39] scan BTC K=62814 yes 0.13118/0.156 fair 0.1803 — no trade (position-open)
[orv 02:58:40] scan ETH K=1781.3 yes 0.52301/0.56299 fair 0.4770 — no trade (position-open)
[orv 02:58:57] scan BTC K=62814 yes 0.14/0.161 fair 0.1801 — no trade (position-open)
[orv 02:59:15] scan BTC K=62814 yes 0.13354/0.16 fair 0.1799 — no trade (position-open)
[orv 02:59:33] scan BTC K=62814 yes 0.13354/0.16 fair 0.1774 — no trade (position-open)
[orv 02:59:51] scan BTC K=62814 yes 0.13354/0.15 fair 0.1772 — no trade (position-open)
[orv 03:00:09] scan BTC K=62814 yes 0.15/0.162 fair 0.1770 — no trade (position-open)
[orv 03:00:27] scan BTC K=62814 yes 0.14651/0.167 fair 0.1768 — no trade (position-open)
[orv 03:00:44] scan BTC K=62814 yes 0.1435/0.167 fair 0.1756 — no trade (position-open)
[orv 03:01:02] scan BTC K=62814 yes 0.1495/0.167 fair 0.1754 — no trade (position-open)
[orv 03:01:02] scan ETH K=1781.3 yes 0.51201/0.56553 fair 0.4677 — no trade (position-open)
[orv 03:01:19] scan BTC K=62814 yes 0.15539/0.167 fair 0.1752 — no trade (position-open)
[orv 03:01:55] scan BTC K=62814 yes 0.17/0.181 fair 0.1962 — no trade (position-open)
[orv 03:01:55] SUMMARY open=2 settled=0 early=3 W/L=3/0 locked=$182 realised=$14.91 fees=$3.00
[orv 03:03:24] scan BTC K=62814 yes 0.1675/0.17 fair 0.1864 — no trade (position-open)
[orv 03:03:42] scan BTC K=62814 yes 0.16743/0.17 fair 0.1862 — no trade (position-open)
[orv 03:04:00] scan BTC K=62814 yes 0.15283/0.16 fair 0.1860 — no trade (position-open)
[orv 03:04:00] scan ETH K=1781.3 yes 0.496/0.52955 fair 0.4683 — no trade (position-open)
[orv 03:04:18] scan BTC K=62814 yes 0.15283/0.16 fair 0.1701 — no trade (position-open)
[orv 03:04:35] scan BTC K=62814 yes 0.13972/0.16 fair 0.1699 — no trade (position-open)
[orv 03:04:54] scan BTC K=62814 yes 0.134/0.15 fair 0.1697 — no trade (position-open)
[orv 03:05:11] scan BTC K=62814 yes 0.12851/0.15 fair 0.1695 — no trade (position-open)
[orv 03:05:29] scan BTC K=62814 yes 0.13/0.15 fair 0.1593 — no trade (position-open)
[orv 03:05:47] scan BTC K=62814 yes 0.13/0.15 fair 0.1591 — no trade (position-open)
[orv 03:06:05] scan BTC K=62814 yes 0.13/0.1505 fair 0.1589 — no trade (position-open)
[orv 03:06:22] scan BTC K=62814 yes 0.12051/0.14 fair 0.1587 — no trade (position-open)
[orv 03:06:22] scan ETH K=1781.3 yes 0.50101/0.52954 fair 0.4467 — no trade (position-open)
[orv 03:06:40] scan BTC K=62814 yes 0.12051/0.14 fair 0.1497 — no trade (position-open)
[orv 03:06:41] scan ETH K=1781.3 yes 0.50101/0.52954 fair 0.4426 — no trade (position-open)
[orv 03:06:58] scan BTC K=62814 yes 0.12/0.1394 fair 0.1495 — no trade (position-open)
[orv 03:06:58] scan ETH K=1781.3 yes 0.501/0.52954 fair 0.4426 — no trade (position-open)
[orv 03:07:15] scan BTC K=62814 yes 0.12/0.13595 fair 0.1493 — no trade (position-open)
[orv 03:07:16] scan ETH K=1781.3 yes 0.49601/0.52954 fair 0.4425 — no trade (position-open)
[orv 03:07:33] scan BTC K=62814 yes 0.12/0.13595 fair 0.1491 — no trade (position-open)
[orv 03:07:34] scan ETH K=1781.3 yes 0.49601/0.52954 fair 0.4425 — no trade (position-open)
[orv 03:07:51] scan BTC K=62814 yes 0.12/0.13538 fair 0.1415 — no trade (position-open)
[orv 03:07:52] scan ETH K=1781.3 yes 0.44001/0.52954 fair 0.4319 — no trade (position-open)
[orv 03:08:09] scan BTC K=62814 yes 0.12/0.12853 fair 0.1413 — no trade (position-open)
[orv 03:08:10] scan ETH K=1781.3 yes 0.44001/0.52954 fair 0.4319 — no trade (position-open)
[orv 03:08:27] scan BTC K=62814 yes 0.12/0.12853 fair 0.1411 — no trade (position-open)
[orv 03:08:27] scan ETH K=1781.3 yes 0.44001/0.52954 fair 0.4318 — no trade (position-open)
[orv 03:08:45] scan BTC K=62814 yes 0.12/0.12853 fair 0.1409 — no trade (position-open)
[orv 03:08:45] scan ETH K=1781.3 yes 0.47601/0.51844 fair 0.4318 — no trade (position-open)
[orv 03:09:03] scan ETH K=1781.3 yes 0.476/0.51299 fair 0.4323 — no trade (position-open)
[orv 03:09:21] scan ETH K=1781.3 yes 0.44001/0.51844 fair 0.4323 — no trade (position-open)
[orv 03:09:38] scan BTC K=62814 yes 0.1/0.123 fair 0.1323 — no trade (position-open)
[orv 03:09:39] scan ETH K=1781.3 yes 0.44001/0.51844 fair 0.4323 — no trade (position-open)
[orv 03:09:56] scan BTC K=62814 yes 0.11/0.12134 fair 0.1321 — no trade (position-open)
[orv 03:09:57] scan ETH K=1781.3 yes 0.44/0.51842 fair 0.4322 — no trade (position-open)
[orv 03:10:14] scan ETH K=1781.3 yes 0.46701/0.504 fair 0.4062 — no trade (position-open)
[orv 03:10:32] scan BTC K=62814 yes 0.11/0.11597 fair 0.1222 — no trade (position-open)
[orv 03:10:32] scan ETH K=1781.3 yes 0.44/0.45827 fair 0.4061 — no trade (position-open)
[orv 03:10:50] scan BTC K=62814 yes 0.11/0.11405 fair 0.1220 — no trade (position-open)
[orv 03:10:51] scan ETH K=1781.3 yes 0.44/0.45828 fair 0.4061 — no trade (position-open)
[orv 03:11:08] scan ETH K=1781.3 yes 0.44/0.45828 fair 0.4060 — no trade (position-open)
[orv 03:11:26] scan ETH K=1781.3 yes 0.42101/0.45828 fair 0.3456 — no trade (position-open)
[orv 03:12:02] SUMMARY open=2 settled=0 early=3 W/L=3/0 locked=$182 realised=$14.91 fees=$3.00
[orv 03:12:55] scan BTC K=62814 yes 0.064/0.07981 fair 0.0871 — no trade (position-open)
[orv 03:15:37] scan BTC K=62814 yes 0.08756/0.1 fair 0.0725 — no trade (position-open)
[orv 03:15:55] scan BTC K=62814 yes 0.09/0.10286 fair 0.0723 — no trade (position-open)
[orv 03:16:31] scan BTC K=62814 yes 0.1/0.11422 fair 0.0899 — no trade (position-open)
[orv 03:16:31] scan ETH K=1781.3 yes 0.37401/0.41699 fair 0.3118 — no trade (position-open)
[orv 03:16:49] scan ETH K=1781.3 yes 0.37401/0.41699 fair 0.3116 — no trade (position-open)
[orv 03:17:06] scan ETH K=1781.3 yes 0.37401/0.41699 fair 0.3115 — no trade (position-open)
[orv 03:17:24] scan ETH K=1781.3 yes 0.37401/0.40044 fair 0.3030 — no trade (position-open)
[orv 03:17:42] scan ETH K=1781.3 yes 0.354/0.36928 fair 0.3029 — no trade (position-open)
[orv 03:18:00] scan ETH K=1781.3 yes 0.327/0.36929 fair 0.3028 — no trade (position-open)
[orv 03:18:53] scan ETH K=1781.3 yes 0.332/0.36518 fair 0.2860 — no trade (position-open)
[orv 03:19:11] scan BTC K=62814 yes 0.08/0.09 fair 0.0734 — no trade (position-open)
[orv 03:19:11] scan ETH K=1781.3 yes 0.33201/0.36518 fair 0.2858 — no trade (position-open)
[orv 03:19:29] scan ETH K=1781.3 yes 0.33201/0.36518 fair 0.2857 — no trade (position-open)
[orv 03:19:47] scan ETH K=1781.3 yes 0.33201/0.36518 fair 0.2920 — no trade (position-open)
[orv 03:20:04] scan BTC K=62814 yes 0.08/0.09 fair 0.0721 — no trade (position-open)
[orv 03:20:23] scan ETH K=1781.3 yes 0.356/0.36368 fair 0.2917 — no trade (position-open)
[orv 03:20:59] scan BTC K=62814 yes 0.05605/0.07 fair 0.0492 — no trade (position-open)
[orv 03:21:16] TAKE-PROFIT BTC K=62814 side=NO exit=0.938 realised=$2.79
[orv 03:21:16] scan ETH K=1781.3 yes 0.29301/0.33435 fair 0.2457 — no trade (position-open)
[orv 03:21:35] scan ETH K=1781.3 yes 0.29001/0.33434 fair 0.2455 — no trade (position-open)
[orv 03:22:10] scan BTC K=62814 yes 0.056/0.06872 fair 0.0506 — no trade (edge 0.0004 < min 0.03)
[orv 03:22:11] SUMMARY open=1 settled=0 early=4 W/L=4/0 locked=$98 realised=$17.69 fees=$3.46
[orv 03:22:28] scan BTC K=62814 yes 0.056/0.07437 fair 0.0504 — no trade (edge 0.0006 < min 0.03)
[orv 03:22:29] scan ETH K=1781.3 yes 0.30001/0.33435 fair 0.2403 — no trade (position-open)
[orv 03:22:46] scan BTC K=62814 yes 0.056/0.06904 fair 0.0503 — no trade (edge 0.0007 < min 0.03)
[orv 03:22:47] scan ETH K=1781.3 yes 0.30001/0.33434 fair 0.2401 — no trade (position-open)
[orv 03:23:05] scan BTC K=62814 yes 0.056/0.06904 fair 0.0501 — no trade (edge 0.0009 < min 0.03)
[orv 03:23:23] scan ETH K=1781.3 yes 0.308/0.33435 fair 0.2471 — no trade (position-open)
[orv 03:23:41] scan BTC K=62814 yes 0.061/0.07647 fair 0.0553 — no trade (edge 0.0007 < min 0.03)
[orv 03:23:41] scan ETH K=1781.3 yes 0.30801/0.33435 fair 0.2469 — no trade (position-open)
[orv 03:23:58] scan BTC K=62814 yes 0.061/0.08415 fair 0.0552 — no trade (edge 0.0008 < min 0.03)
[orv 03:24:17] scan BTC K=62814 yes 0.08/0.09307 fair 0.0550 — no trade (edge 0.0200 < min 0.03)
[orv 03:24:17] scan ETH K=1781.3 yes 0.363/0.39788 fair 0.2465 — no trade (position-open)
[orv 03:24:34] scan BTC K=62814 yes 0.075/0.08961 fair 0.0672 — no trade (edge 0.0028 < min 0.03)
[orv 03:24:53] scan BTC K=62814 yes 0.07251/0.08838 fair 0.0671 — no trade (edge 0.0005 < min 0.03)
[orv 03:25:11] scan BTC K=62814 yes 0.07251/0.08921 fair 0.0669 — no trade (edge 0.0006 < min 0.03)
[orv 03:25:29] scan ETH K=1781.3 yes 0.32601/0.36569 fair 0.2785 — no trade (position-open)
[orv 03:26:05] scan BTC K=62814 yes 0.076/0.09683 fair 0.0705 — no trade (edge 0.0005 < min 0.03)
[orv 03:26:05] scan ETH K=1781.3 yes 0.35701/0.39783 fair 0.2967 — no trade (position-open)
[orv 03:26:23] scan BTC K=62814 yes 0.081/0.09683 fair 0.0703 — no trade (edge 0.0057 < min 0.03)
[orv 03:26:23] scan ETH K=1781.3 yes 0.35701/0.39784 fair 0.2965 — no trade (position-open)
[orv 03:26:40] scan BTC K=62814 yes 0.081/0.09683 fair 0.0701 — no trade (edge 0.0059 < min 0.03)
[orv 03:26:41] scan ETH K=1781.3 yes 0.35701/0.39784 fair 0.2964 — no trade (position-open)
[orv 03:26:59] scan ETH K=1781.3 yes 0.35701/0.39784 fair 0.3115 — no trade (position-open)
[orv 03:27:16] scan BTC K=62814 yes 0.092/0.1065 fair 0.0819 — no trade (edge 0.0051 < min 0.03)
[orv 03:27:35] scan BTC K=62814 yes 0.1/0.12 fair 0.0817 — no trade (edge 0.0133 < min 0.03)
[orv 03:27:52] scan BTC K=62814 yes 0.1/0.12 fair 0.0815 — no trade (edge 0.0135 < min 0.03)
[orv 03:28:46] scan BTC K=62814 yes 0.10422/0.12631 fair 0.0990 — no trade (edge 0.0002 < min 0.03)
[orv 03:29:05] scan BTC K=62814 yes 0.10422/0.125 fair 0.0988 — no trade (edge 0.0004 < min 0.03)
[orv 03:29:23] scan ETH K=1781.3 yes 0.41101/0.45681 fair 0.3667 — no trade (position-open)
[orv 03:29:41] scan BTC K=62814 yes 0.101/0.12049 fair 0.0959 — no trade (edge 0.0001 < min 0.03)
[orv 03:29:41] scan ETH K=1781.3 yes 0.41101/0.45681 fair 0.3666 — no trade (position-open)
[orv 03:29:58] scan BTC K=62814 yes 0.11/0.12349 fair 0.0957 — no trade (edge 0.0093 < min 0.03)
[orv 03:29:59] scan ETH K=1781.3 yes 0.41101/0.46099 fair 0.3665 — no trade (position-open)
[orv 03:30:17] scan BTC K=62814 yes 0.13/0.14575 fair 0.0955 — no trade (edge 0.0295 < min 0.03)
[orv 03:30:17] scan ETH K=1781.3 yes 0.41101/0.48219 fair 0.3664 — no trade (position-open)
[orv 03:30:34] scan BTC K=62814 yes 0.13386/0.14746 fair 0.1203 — no trade (edge 0.0086 < min 0.03)
[orv 03:30:35] scan ETH K=1781.3 yes 0.41101/0.51535 fair 0.3999 — no trade (position-open)
[orv 03:30:53] scan ETH K=1781.3 yes 0.41101/0.48183 fair 0.3999 — no trade (position-open)
[orv 03:31:11] scan ETH K=1781.3 yes 0.41101/0.48183 fair 0.3998 — no trade (position-open)
[orv 03:31:29] scan ETH K=1781.3 yes 0.41101/0.48183 fair 0.3997 — no trade (position-open)
[orv 03:31:47] scan ETH K=1781.3 yes 0.41101/0.46599 fair 0.3693 — no trade (position-open)
[orv 03:32:05] scan BTC K=62814 yes 0.11/0.12199 fair 0.0975 — no trade (edge 0.0075 < min 0.03)
[orv 03:32:05] scan ETH K=1781.3 yes 0.41101/0.466 fair 0.3692 — no trade (position-open)
[orv 03:32:23] scan BTC K=62814 yes 0.12/0.1348 fair 0.0973 — no trade (edge 0.0177 < min 0.03)
[orv 03:32:24] scan ETH K=1781.3 yes 0.41101/0.48451 fair 0.3691 — no trade (position-open)
[orv 03:32:24] SUMMARY open=1 settled=0 early=4 W/L=4/0 locked=$98 realised=$17.69 fees=$3.46
[orv 03:32:41] scan BTC K=62814 yes 0.10484/0.12 fair 0.0971 — no trade (edge 0.0028 < min 0.03)
[orv 03:32:41] scan ETH K=1781.3 yes 0.41101/0.4845 fair 0.3690 — no trade (position-open)
[orv 03:32:59] scan BTC K=62814 yes 0.098/0.12 fair 0.0917 — no trade (edge 0.0013 < min 0.03)
[orv 03:33:00] scan ETH K=1781.3 yes 0.411/0.45371 fair 0.3484 — no trade (position-open)
[orv 03:33:17] scan ETH K=1781.3 yes 0.41101/0.4537 fair 0.3483 — no trade (position-open)
[orv 03:33:36] scan ETH K=1781.3 yes 0.41101/0.45371 fair 0.3482 — no trade (position-open)
[orv 03:33:53] scan ETH K=1781.3 yes 0.41101/0.4537 fair 0.3481 — no trade (position-open)
[orv 03:34:11] scan ETH K=1781.3 yes 0.411/0.4537 fair 0.3595 — no trade (position-open)
[orv 03:34:29] scan ETH K=1781.3 yes 0.42001/0.4537 fair 0.3594 — no trade (position-open)
[orv 03:34:47] scan ETH K=1781.3 yes 0.41101/0.45538 fair 0.3593 — no trade (position-open)
[orv 03:35:04] scan ETH K=1781.3 yes 0.41101/0.45538 fair 0.3592 — no trade (position-open)
[orv 03:35:40] scan BTC K=62814 yes 0.11266/0.12349 fair 0.0970 — no trade (edge 0.0107 < min 0.03)
[orv 03:35:58] scan BTC K=62814 yes 0.11/0.12775 fair 0.0968 — no trade (edge 0.0082 < min 0.03)
[orv 03:36:16] scan BTC K=62814 yes 0.11/0.12651 fair 0.0966 — no trade (edge 0.0084 < min 0.03)
[orv 03:36:34] ENTER BUY_NO BTC K=62814 @0.860 ×100 | fair=0.1040 edge=0.0310 | lock $86 for 2.4h
[orv 03:36:52] scan BTC K=62814 yes 0.14/0.15121 fair 0.1038 — no trade (position-open)
[orv 03:36:53] scan ETH K=1781.3 yes 0.44101/0.49003 fair 0.3756 — no trade (position-open)
[orv 03:37:10] scan BTC K=62814 yes 0.14/0.15121 fair 0.1036 — no trade (position-open)
[orv 03:37:10] scan ETH K=1781.3 yes 0.44101/0.49003 fair 0.3755 — no trade (position-open)
[orv 03:37:29] scan BTC K=62814 yes 0.1435/0.17 fair 0.1033 — no trade (position-open)
[orv 03:37:29] scan ETH K=1781.3 yes 0.41101/0.51599 fair 0.3754 — no trade (position-open)
[orv 03:37:46] scan BTC K=62814 yes 0.15/0.168 fair 0.1176 — no trade (position-open)
[orv 03:38:04] scan BTC K=62814 yes 0.15024/0.172 fair 0.1173 — no trade (position-open)
[orv 03:38:05] scan ETH K=1781.3 yes 0.48201/0.54753 fair 0.4138 — no trade (position-open)
[orv 03:38:22] scan BTC K=62814 yes 0.16/0.172 fair 0.1171 — no trade (position-open)
[orv 03:38:22] scan ETH K=1781.3 yes 0.46111/0.59237 fair 0.4138 — no trade (position-open)
[orv 03:38:40] scan BTC K=62814 yes 0.17/0.19468 fair 0.1169 — no trade (position-open)
[orv 03:38:40] scan ETH K=1781.3 yes 0.52201/0.62 fair 0.4137 — no trade (position-open)
[orv 03:38:57] scan BTC K=62814 yes 0.154/0.17 fair 0.1287 — no trade (position-open)
[orv 03:39:16] scan BTC K=62814 yes 0.137/0.15957 fair 0.1284 — no trade (position-open)
[orv 03:39:33] scan BTC K=62814 yes 0.15/0.16958 fair 0.1282 — no trade (position-open)
[orv 03:39:52] scan BTC K=62814 yes 0.16/0.17787 fair 0.1279 — no trade (position-open)
[orv 03:40:11] scan BTC K=62814 yes 0.17/0.18436 fair 0.1219 — no trade (position-open)
[orv 03:40:11] scan ETH K=1781.3 yes 0.516/0.56036 fair 0.4534 — no trade (position-open)
[orv 03:40:28] scan BTC K=62814 yes 0.15856/0.18 fair 0.1217 — no trade (position-open)
[orv 03:40:29] scan ETH K=1781.3 yes 0.516/0.56036 fair 0.4534 — no trade (position-open)
[orv 03:40:47] scan BTC K=62814 yes 0.15631/0.17205 fair 0.1214 — no trade (position-open)
[orv 03:40:47] scan ETH K=1781.3 yes 0.516/0.56623 fair 0.4534 — no trade (position-open)
[orv 03:41:04] scan BTC K=62814 yes 0.14546/0.16 fair 0.1212 — no trade (position-open)
[orv 03:41:22] scan BTC K=62814 yes 0.141/0.16833 fair 0.1096 — no trade (position-open)
[orv 03:41:40] scan BTC K=62814 yes 0.141/0.16833 fair 0.1094 — no trade (position-open)
[orv 03:41:58] scan BTC K=62814 yes 0.14052/0.16833 fair 0.1091 — no trade (position-open)
[orv 03:42:16] scan BTC K=62814 yes 0.12101/0.1478 fair 0.1089 — no trade (position-open)
[orv 03:42:34] scan BTC K=62814 yes 0.121/0.13358 fair 0.0907 — no trade (position-open)
[orv 03:42:34] scan ETH K=1781.3 yes 0.41101/0.50112 fair 0.4003 — no trade (position-open)
[orv 03:42:34] SUMMARY open=2 settled=0 early=4 W/L=4/0 locked=$184 realised=$17.69 fees=$3.46
[orv 03:42:51] scan BTC K=62814 yes 0.116/0.1293 fair 0.0905 — no trade (position-open)
[orv 03:42:52] scan ETH K=1781.3 yes 0.411/0.50111 fair 0.4002 — no trade (position-open)
[orv 03:43:10] scan BTC K=62814 yes 0.112/0.1293 fair 0.0902 — no trade (position-open)
[orv 03:43:10] scan ETH K=1781.3 yes 0.45301/0.50111 fair 0.4002 — no trade (position-open)
[orv 03:43:27] scan BTC K=62814 yes 0.111/0.12 fair 0.0900 — no trade (position-open)
[orv 03:43:28] scan ETH K=1781.3 yes 0.45301/0.46917 fair 0.4001 — no trade (position-open)
[orv 03:43:45] scan BTC K=62814 yes 0.11/0.12524 fair 0.0822 — no trade (position-open)
[orv 03:43:46] scan ETH K=1781.3 yes 0.44301/0.46919 fair 0.3850 — no trade (position-open)
[orv 03:44:04] scan BTC K=62814 yes 0.11/0.1268 fair 0.0820 — no trade (position-open)
[orv 03:44:05] scan ETH K=1781.3 yes 0.411/0.49397 fair 0.3849 — no trade (position-open)
[orv 03:44:22] scan BTC K=62814 yes 0.12103/0.13789 fair 0.0818 — no trade (position-open)
[orv 03:44:22] scan ETH K=1781.3 yes 0.41101/0.52725 fair 0.3848 — no trade (position-open)
[orv 03:44:40] scan BTC K=62814 yes 0.135/0.14172 fair 0.0815 — no trade (position-open)
[orv 03:44:41] scan ETH K=1781.3 yes 0.41148/0.55923 fair 0.3847 — no trade (position-open)
[orv 03:44:57] scan BTC K=62814 yes 0.129/0.13459 fair 0.0994 — no trade (position-open)
[orv 03:45:16] scan BTC K=62814 yes 0.119/0.12915 fair 0.0992 — no trade (position-open)
[orv 03:45:33] scan BTC K=62814 yes 0.12/0.13927 fair 0.0989 — no trade (position-open)
[orv 03:45:51] scan BTC K=62814 yes 0.13/0.14172 fair 0.0987 — no trade (position-open)
[orv 03:45:52] scan ETH K=1781.3 yes 0.49501/0.55166 fair 0.4226 — no trade (position-open)
[orv 03:46:08] scan BTC K=62814 yes 0.13/0.14172 fair 0.1016 — no trade (position-open)
[orv 03:46:09] scan ETH K=1781.3 yes 0.49501/0.55166 fair 0.4440 — no trade (position-open)
[orv 03:46:27] scan BTC K=62814 yes 0.13/0.14172 fair 0.1014 — no trade (position-open)
[orv 03:46:27] scan ETH K=1781.3 yes 0.49501/0.55166 fair 0.4440 — no trade (position-open)
[orv 03:46:44] scan BTC K=62814 yes 0.14/0.15054 fair 0.1011 — no trade (position-open)
[orv 03:46:45] scan ETH K=1781.3 yes 0.49501/0.55166 fair 0.4439 — no trade (position-open)
[orv 03:47:03] scan BTC K=62814 yes 0.14/0.15616 fair 0.1009 — no trade (position-open)
[orv 03:47:21] scan BTC K=62814 yes 0.15/0.16148 fair 0.1137 — no trade (position-open)
[orv 03:47:39] scan BTC K=62814 yes 0.15/0.16564 fair 0.1135 — no trade (position-open)
[orv 03:47:39] scan ETH K=1781.3 yes 0.51601/0.58492 fair 0.4798 — no trade (position-open)
[orv 03:47:58] scan BTC K=62814 yes 0.16/0.16758 fair 0.1132 — no trade (position-open)
[orv 03:48:15] scan BTC K=62814 yes 0.16/0.16758 fair 0.1129 — no trade (position-open)
[orv 03:48:34] scan BTC K=62814 yes 0.15215/0.16758 fair 0.1147 — no trade (position-open)
[orv 03:48:51] scan BTC K=62814 yes 0.15246/0.16758 fair 0.1144 — no trade (position-open)
[orv 03:48:52] scan ETH K=1781.3 yes 0.51701/0.58528 fair 0.4585 — no trade (position-open)
[orv 03:49:10] scan BTC K=62814 yes 0.14139/0.16 fair 0.1141 — no trade (position-open)
[orv 03:49:27] scan BTC K=62814 yes 0.15/0.16758 fair 0.1139 — no trade (position-open)
[orv 03:49:45] scan BTC K=62814 yes 0.14/0.16 fair 0.1126 — no trade (position-open)
[orv 03:50:03] scan BTC K=62814 yes 0.14/0.15626 fair 0.1123 — no trade (position-open)
[orv 03:50:03] scan ETH K=1781.3 yes 0.49801/0.55077 fair 0.4448 — no trade (position-open)
[orv 03:50:21] scan BTC K=62814 yes 0.14/0.15887 fair 0.1120 — no trade (position-open)
[orv 03:50:21] scan ETH K=1781.3 yes 0.49801/0.55077 fair 0.4447 — no trade (position-open)
[orv 03:50:38] scan BTC K=62814 yes 0.136/0.15462 fair 0.1118 — no trade (position-open)
[orv 03:50:39] scan ETH K=1781.3 yes 0.49801/0.55077 fair 0.4447 — no trade (position-open)
[orv 03:50:57] scan BTC K=62814 yes 0.14/0.1585 fair 0.1148 — no trade (position-open)
[orv 03:50:58] scan ETH K=1781.3 yes 0.498/0.55663 fair 0.4586 — no trade (position-open)
[orv 03:51:16] scan BTC K=62814 yes 0.15/0.16758 fair 0.1146 — no trade (position-open)
[orv 03:51:16] scan ETH K=1781.3 yes 0.518/0.58996 fair 0.4586 — no trade (position-open)
[orv 03:51:33] scan BTC K=62814 yes 0.15/0.16691 fair 0.1143 — no trade (position-open)
[orv 03:51:33] scan ETH K=1781.3 yes 0.51801/0.58996 fair 0.4585 — no trade (position-open)
[orv 03:51:52] scan BTC K=62814 yes 0.15/0.17102 fair 0.1140 — no trade (position-open)
[orv 03:51:52] scan ETH K=1781.3 yes 0.51801/0.58996 fair 0.4585 — no trade (position-open)
[orv 03:52:09] scan BTC K=62814 yes 0.15/0.17102 fair 0.1213 — no trade (position-open)
[orv 03:52:09] scan ETH K=1781.3 yes 0.51801/0.58996 fair 0.4649 — no trade (position-open)
[orv 03:52:28] scan BTC K=62814 yes 0.15/0.17102 fair 0.1210 — no trade (position-open)
[orv 03:52:28] scan ETH K=1781.3 yes 0.51801/0.57998 fair 0.4649 — no trade (position-open)
[orv 03:52:45] scan BTC K=62814 yes 0.15/0.16949 fair 0.1207 — no trade (position-open)
[orv 03:52:46] scan ETH K=1781.3 yes 0.51801/0.57998 fair 0.4649 — no trade (position-open)
[orv 03:52:46] SUMMARY open=2 settled=0 early=4 W/L=4/0 locked=$184 realised=$17.69 fees=$3.46
[orv 03:53:04] scan BTC K=62814 yes 0.16/0.17726 fair 0.1204 — no trade (position-open)
[orv 03:53:21] scan BTC K=62814 yes 0.17/0.17899 fair 0.1306 — no trade (position-open)
[orv 03:53:22] scan ETH K=1781.3 yes 0.52501/0.57998 fair 0.4811 — no trade (position-open)
[orv 03:53:40] scan BTC K=62814 yes 0.17/0.18882 fair 0.1302 — no trade (position-open)
[orv 03:53:57] scan BTC K=62814 yes 0.17/0.18787 fair 0.1300 — no trade (position-open)
[orv 03:54:16] scan BTC K=62814 yes 0.17/0.1806 fair 0.1297 — no trade (position-open)
[orv 03:54:34] scan BTC K=62814 yes 0.17/0.17486 fair 0.1352 — no trade (position-open)
[orv 03:54:35] scan ETH K=1781.3 yes 0.52801/0.59547 fair 0.4784 — no trade (position-open)
[orv 03:54:52] scan BTC K=62814 yes 0.19/0.19238 fair 0.1349 — no trade (position-open)
[orv 03:54:52] scan ETH K=1781.3 yes 0.52801/0.59547 fair 0.4784 — no trade (position-open)
[orv 03:55:10] scan BTC K=62814 yes 0.18/0.19562 fair 0.1345 — no trade (position-open)
[orv 03:55:28] scan BTC K=62814 yes 0.1775/0.196 fair 0.1343 — no trade (position-open)
[orv 03:55:46] scan BTC K=62814 yes 0.16108/0.17844 fair 0.1256 — no trade (position-open)
[orv 03:56:04] scan BTC K=62814 yes 0.161/0.17844 fair 0.1253 — no trade (position-open)
[orv 03:56:23] scan BTC K=62814 yes 0.16109/0.179 fair 0.1250 — no trade (position-open)
[orv 03:56:23] scan ETH K=1781.3 yes 0.52201/0.59547 fair 0.4597 — no trade (position-open)
[orv 03:56:40] scan BTC K=62814 yes 0.16415/0.179 fair 0.1247 — no trade (position-open)
[orv 03:56:41] scan ETH K=1781.3 yes 0.52201/0.59547 fair 0.4597 — no trade (position-open)
[orv 03:56:59] scan BTC K=62814 yes 0.16234/0.179 fair 0.1330 — no trade (position-open)
[orv 03:57:16] scan BTC K=62814 yes 0.161/0.16978 fair 0.1327 — no trade (position-open)
[orv 03:57:35] scan BTC K=62814 yes 0.161/0.16978 fair 0.1324 — no trade (position-open)
[orv 03:57:52] scan BTC K=62814 yes 0.161/0.16539 fair 0.1321 — no trade (position-open)
[orv 03:58:11] scan BTC K=62814 yes 0.161/0.16978 fair 0.1406 — no trade (position-open)
[orv 03:58:11] scan ETH K=1781.3 yes 0.542/0.60685 fair 0.4811 — no trade (position-open)
[orv 03:58:29] scan BTC K=62814 yes 0.161/0.16978 fair 0.1403 — no trade (position-open)
[orv 03:58:46] scan BTC K=62814 yes 0.161/0.16978 fair 0.1400 — no trade (position-open)
[orv 03:59:04] scan BTC K=62814 yes 0.161/0.16978 fair 0.1397 — no trade (position-open)
[orv 03:59:22] scan BTC K=62814 yes 0.161/0.16978 fair 0.1477 — no trade (position-open)
[orv 03:59:23] scan ETH K=1781.3 yes 0.54901/0.60803 fair 0.5096 — no trade (position-open)
[orv 03:59:40] scan BTC K=62814 yes 0.161/0.16978 fair 0.1473 — no trade (position-open)
[orv 03:59:41] scan ETH K=1781.3 yes 0.54901/0.60803 fair 0.5096 — no trade (position-open)
[orv 03:59:58] scan BTC K=62814 yes 0.161/0.16978 fair 0.1470 — no trade (position-open)
[orv 03:59:58] scan ETH K=1781.3 yes 0.54901/0.61999 fair 0.5097 — no trade (position-open)
[orv 04:00:16] scan BTC K=62814 yes 0.162/0.16978 fair 0.1467 — no trade (position-open)
[orv 04:00:33] scan BTC K=62814 yes 0.161/0.16978 fair 0.1558 — no trade (position-open)
[orv 04:00:51] scan BTC K=62814 yes 0.161/0.16978 fair 0.1555 — no trade (position-open)
[orv 04:01:08] scan BTC K=62814 yes 0.161/0.17 fair 0.1552 — no trade (position-open)
[orv 04:01:27] scan BTC K=62814 yes 0.161/0.17783 fair 0.1549 — no trade (position-open)
[orv 04:02:57] scan BTC K=62814 yes 0.18/0.18827 fair 0.1658 — no trade (position-open)
[orv 04:02:57] SUMMARY open=2 settled=0 early=4 W/L=4/0 locked=$184 realised=$17.69 fees=$3.46
[orv 04:03:14] scan BTC K=62814 yes 0.18051/0.194 fair 0.1655 — no trade (position-open)
[orv 04:03:32] scan BTC K=62814 yes 0.19/0.2 fair 0.1651 — no trade (position-open)
[orv 04:03:50] scan BTC K=62814 yes 0.2/0.216 fair 0.1648 — no trade (position-open)
[orv 04:03:51] scan ETH K=1781.3 yes 0.58508/0.71459 fair 0.5362 — no trade (position-open)
[orv 04:04:09] scan BTC K=62814 yes 0.18451/0.209 fair 0.1787 — no trade (position-open)
[orv 04:04:26] scan BTC K=62814 yes 0.19/0.21 fair 0.1784 — no trade (position-open)
[orv 04:04:45] scan BTC K=62814 yes 0.18414/0.2 fair 0.1781 — no trade (position-open)
[orv 04:05:02] scan BTC K=62814 yes 0.19114/0.215 fair 0.1777 — no trade (position-open)
[orv 04:05:20] scan BTC K=62814 yes 0.21146/0.229 fair 0.1965 — no trade (position-open)
[orv 04:05:39] scan BTC K=62814 yes 0.20851/0.22 fair 0.1962 — no trade (position-open)
[orv 04:06:14] scan BTC K=62814 yes 0.18414/0.19 fair 0.1955 — no trade (position-open)
[orv 04:06:32] scan BTC K=62814 yes 0.17/0.18 fair 0.1642 — no trade (position-open)
[orv 04:09:33] scan BTC K=62814 yes 0.13146/0.14 fair 0.1495 — no trade (position-open)
[orv 04:09:51] scan BTC K=62814 yes 0.13146/0.14 fair 0.1491 — no trade (position-open)
[orv 04:13:09] SUMMARY open=2 settled=0 early=4 W/L=4/0 locked=$184 realised=$17.69 fees=$3.46
[orv 04:14:04] scan BTC K=62814 yes 0.14/0.15 fair 0.1186 — no trade (position-open)
[orv 04:14:21] scan BTC K=62814 yes 0.15/0.16 fair 0.1182 — no trade (position-open)
[orv 04:14:21] scan ETH K=1781.3 yes 0.50517/0.65306 fair 0.4913 — no trade (position-open)
[orv 04:14:40] scan BTC K=62814 yes 0.14251/0.16237 fair 0.1179 — no trade (position-open)
[orv 04:14:40] scan ETH K=1781.3 yes 0.50517/0.65306 fair 0.4913 — no trade (position-open)
[orv 04:14:57] scan BTC K=62814 yes 0.13558/0.15 fair 0.1295 — no trade (position-open)
[orv 04:19:09] scan BTC K=62814 yes 0.12/0.13342 fair 0.1137 — no trade (position-open)
[orv 04:19:26] scan BTC K=62814 yes 0.12/0.13342 fair 0.1134 — no trade (position-open)
[orv 04:20:21] scan BTC K=62814 yes 0.14/0.145 fair 0.1256 — no trade (position-open)
[orv 04:20:21] scan ETH K=1781.3 yes 0.52831/0.67357 fair 0.5104 — no trade (position-open)
[orv 04:20:39] scan BTC K=62814 yes 0.15/0.152 fair 0.1252 — no trade (position-open)
[orv 04:20:39] scan ETH K=1781.3 yes 0.52832/0.67358 fair 0.5104 — no trade (position-open)
[orv 04:22:43] ERROR fetch failed
[orv 04:23:01] scan ETH K=1781.3 yes 0.60402/0.77897 fair 0.5912 — no trade (position-open)
[orv 04:23:19] SUMMARY open=2 settled=0 early=4 W/L=4/0 locked=$184 realised=$17.69 fees=$3.46
[orv 04:23:36] scan BTC K=62814 yes 0.17/0.172 fair 0.1643 — no trade (position-open)
[orv 04:23:54] scan BTC K=62814 yes 0.17/0.18954 fair 0.1639 — no trade (position-open)
[orv 04:25:24] scan BTC K=62814 yes 0.16/0.17 fair 0.1499 — no trade (position-open)
[orv 04:25:24] scan ETH K=1781.3 yes 0.63656/0.77598 fair 0.6133 — no trade (position-open)
[orv 04:26:19] scan BTC K=62814 yes 0.19104/0.211 fair 0.1665 — no trade (position-open)
[orv 04:26:36] scan BTC K=62814 yes 0.19508/0.211 fair 0.1661 — no trade (position-open)
[orv 04:26:54] scan BTC K=62814 yes 0.1907/0.21 fair 0.1837 — no trade (position-open)
[orv 04:27:12] scan BTC K=62814 yes 0.19489/0.211 fair 0.1833 — no trade (position-open)
[orv 04:27:12] scan ETH K=1781.3 yes 0.70154/0.84797 fair 0.6875 — no trade (position-open)
[orv 04:27:30] scan ETH K=1781.3 yes 0.70154/0.84797 fair 0.6878 — no trade (position-open)
[orv 04:27:47] scan BTC K=62814 yes 0.2/0.206 fair 0.1825 — no trade (position-open)
[orv 04:27:48] scan ETH K=1781.3 yes 0.70154/0.84798 fair 0.6881 — no trade (position-open)
[orv 04:28:06] scan BTC K=62814 yes 0.2/0.209 fair 0.1939 — no trade (position-open)
[orv 04:30:29] scan BTC K=62814 yes 0.18878/0.19057 fair 0.1816 — no trade (position-open)
[orv 04:30:47] scan BTC K=62814 yes 0.2/0.208 fair 0.1811 — no trade (position-open)
[orv 04:31:05] scan BTC K=62814 yes 0.2/0.219 fair 0.1807 — no trade (position-open)
[orv 04:31:23] scan BTC K=62814 yes 0.21/0.219 fair 0.1803 — no trade (position-open)
[orv 04:32:18] scan BTC K=62814 yes 0.21/0.219 fair 0.1955 — no trade (position-open)
[orv 04:32:35] scan BTC K=62814 yes 0.23/0.25604 fair 0.1951 — no trade (position-open)
[orv 04:32:54] scan BTC K=62814 yes 0.26/0.27 fair 0.2532 — no trade (position-open)
[orv 04:33:30] scan BTC K=62814 yes 0.301/0.32037 fair 0.2524 — no trade (position-open)
[orv 04:33:31] SUMMARY open=2 settled=0 early=4 W/L=4/0 locked=$184 realised=$17.69 fees=$3.46
[orv 04:33:48] scan BTC K=62814 yes 0.29051/0.32 fair 0.2521 — no trade (position-open)
[orv 04:34:07] scan BTC K=62814 yes 0.28/0.2985 fair 0.2695 — no trade (position-open)
[orv 04:34:59] scan BTC K=62814 yes 0.3/0.31 fair 0.2684 — no trade (position-open)
[orv 04:35:18] scan BTC K=62814 yes 0.29/0.31 fair 0.2820 — no trade (position-open)
[orv 04:35:35] scan BTC K=62814 yes 0.28687/0.3 fair 0.2817 — no trade (position-open)
[orv 04:36:12] scan BTC K=62814 yes 0.34/0.35 fair 0.2809 — no trade (position-open)
[orv 04:36:13] scan ETH K=1781.3 yes 0.69516/0.82715 fair 0.6901 — no trade (position-open)
[orv 04:36:30] scan BTC K=62814 yes 0.33889/0.35 fair 0.3213 — no trade (position-open)
[orv 04:36:48] scan BTC K=62814 yes 0.29551/0.30949 fair 0.3209 — no trade (position-open)
[orv 04:37:24] scan BTC K=62814 yes 0.34/0.35708 fair 0.3203 — no trade (position-open)
[orv 04:37:42] scan BTC K=62814 yes 0.3186/0.34 fair 0.3123 — no trade (position-open)
[orv 04:38:00] scan BTC K=62814 yes 0.33191/0.35 fair 0.3119 — no trade (position-open)
[orv 04:38:17] scan BTC K=62814 yes 0.344/0.36333 fair 0.3116 — no trade (position-open)
[orv 04:38:18] scan ETH K=1781.3 yes 0.75784/0.89431 fair 0.7372 — no trade (position-open)
[orv 04:38:36] scan BTC K=62814 yes 0.323/0.34 fair 0.3112 — no trade (position-open)
[orv 04:38:36] scan ETH K=1781.3 yes 0.75784/0.89431 fair 0.7376 — no trade (position-open)
[orv 04:38:54] scan BTC K=62814 yes 0.323/0.34 fair 0.3144 — no trade (position-open)
[orv 04:39:30] scan BTC K=62814 yes 0.323/0.3373 fair 0.3137 — no trade (position-open)
[orv 04:39:48] scan BTC K=62814 yes 0.323/0.3373 fair 0.3133 — no trade (position-open)
[orv 04:40:07] scan BTC K=62814 yes 0.3135/0.33 fair 0.3004 — no trade (position-open)
[orv 04:40:07] scan ETH K=1781.3 yes 0.77089/0.89431 fair 0.7630 — no trade (position-open)
[orv 04:41:00] scan BTC K=62814 yes 0.266/0.28388 fair 0.2993 — no trade (position-open)
[orv 04:43:42] SUMMARY open=2 settled=0 early=4 W/L=4/0 locked=$184 realised=$17.69 fees=$3.46
[orv 04:44:54] scan ETH K=1781.3 yes 0.6554/0.849 fair 0.6376 — no trade (position-open)
[orv 04:46:06] scan ETH K=1781.3 yes 0.63279/0.80459 fair 0.6211 — no trade (position-open)
[orv 04:47:36] scan BTC K=62814 yes 0.26051/0.276 fair 0.2371 — no trade (position-open)
[orv 04:47:36] scan ETH K=1781.3 yes 0.63555/0.8175 fair 0.6103 — no trade (position-open)
[orv 04:47:54] scan BTC K=62814 yes 0.25181/0.28 fair 0.2366 — no trade (position-open)
[orv 04:47:55] scan ETH K=1781.3 yes 0.63555/0.8175 fair 0.6106 — no trade (position-open)
[orv 04:48:12] scan BTC K=62814 yes 0.25181/0.279 fair 0.2361 — no trade (position-open)
[orv 04:48:12] scan ETH K=1781.3 yes 0.63555/0.8175 fair 0.6109 — no trade (position-open)
[orv 04:48:31] scan ETH K=1781.3 yes 0.63555/0.8175 fair 0.6151 — no trade (position-open)
[orv 04:48:48] scan ETH K=1781.3 yes 0.63555/0.8175 fair 0.6154 — no trade (position-open)
[orv 04:49:42] scan BTC K=62814 yes 0.25051/0.264 fair 0.2425 — no trade (position-open)
[orv 04:50:00] scan BTC K=62814 yes 0.25051/0.264 fair 0.2420 — no trade (position-open)
[orv 04:50:18] scan BTC K=62814 yes 0.25051/0.26191 fair 0.2415 — no trade (position-open)
[orv 04:50:35] scan BTC K=62814 yes 0.2504/0.261 fair 0.2410 — no trade (position-open)
[orv 04:50:54] scan ETH K=1781.3 yes 0.62775/0.83143 fair 0.6186 — no trade (position-open)
[orv 04:51:13] scan BTC K=62814 yes 0.25/0.27101 fair 0.2254 — no trade (position-open)
[orv 04:51:13] scan ETH K=1781.3 yes 0.62775/0.83143 fair 0.6189 — no trade (position-open)
[orv 04:51:30] scan BTC K=62814 yes 0.25/0.271 fair 0.2249 — no trade (position-open)
[orv 04:51:30] scan ETH K=1781.3 yes 0.62775/0.83143 fair 0.6192 — no trade (position-open)
[orv 04:51:48] scan BTC K=62814 yes 0.23/0.249 fair 0.2243 — no trade (position-open)
[orv 04:51:48] scan ETH K=1781.3 yes 0.62775/0.83143 fair 0.6196 — no trade (position-open)
[orv 04:52:06] scan ETH K=1781.3 yes 0.62774/0.83144 fair 0.6164 — no trade (position-open)
[orv 04:52:24] scan ETH K=1781.3 yes 0.62774/0.83144 fair 0.6167 — no trade (position-open)
[orv 04:53:36] scan BTC K=62814 yes 0.23/0.24984 fair 0.2221 — no trade (position-open)
[orv 04:53:53] SUMMARY open=2 settled=0 early=4 W/L=4/0 locked=$184 realised=$17.69 fees=$3.46
[orv 04:54:29] scan BTC K=62814 yes 0.2104/0.2285 fair 0.2013 — no trade (position-open)
[orv 04:54:30] scan ETH K=1781.3 yes 0.5859/0.83143 fair 0.5742 — no trade (position-open)
[orv 04:54:48] scan BTC K=62814 yes 0.26/0.27004 fair 0.2007 — no trade (position-open)
[orv 04:54:49] scan ETH K=1781.3 yes 0.62424/0.83143 fair 0.5745 — no trade (position-open)
[orv 04:55:07] scan BTC K=62814 yes 0.28/0.295 fair 0.2001 — no trade (position-open)
[orv 04:55:08] scan ETH K=1781.3 yes 0.62424/0.83143 fair 0.5747 — no trade (position-open)
[orv 04:55:24] scan BTC K=62814 yes 0.27555/0.289 fair 0.1995 — no trade (position-open)
[orv 04:55:25] scan ETH K=1781.3 yes 0.66177/0.83143 fair 0.5750 — no trade (position-open)
[orv 04:55:43] scan BTC K=62814 yes 0.27555/0.289 fair 0.2524 — no trade (position-open)
[orv 04:55:44] scan ETH K=1781.3 yes 0.66177/0.83143 fair 0.6463 — no trade (position-open)
[orv 04:56:01] scan ETH K=1781.3 yes 0.66177/0.83143 fair 0.6467 — no trade (position-open)
[orv 04:56:19] scan BTC K=62814 yes 0.21407/0.23 fair 0.2513 — no trade (position-open)
[orv 04:56:36] scan BTC K=62814 yes 0.202/0.21 fair 0.2508 — no trade (position-open)
[orv 04:56:54] scan BTC K=62814 yes 0.211/0.23 fair 0.2022 — no trade (position-open)
[orv 04:57:12] scan BTC K=62814 yes 0.216/0.24 fair 0.2016 — no trade (position-open)
[orv 04:57:12] scan ETH K=1781.3 yes 0.59386/0.81352 fair 0.5859 — no trade (position-open)
[orv 04:57:30] scan BTC K=62814 yes 0.221/0.24013 fair 0.2010 — no trade (position-open)
[orv 04:57:30] scan ETH K=1781.3 yes 0.59386/0.81353 fair 0.5862 — no trade (position-open)
[orv 04:57:47] scan BTC K=62814 yes 0.236/0.24742 fair 0.2004 — no trade (position-open)
[orv 04:58:06] scan BTC K=62814 yes 0.23/0.24742 fair 0.2146 — no trade (position-open)
[orv 04:58:23] scan BTC K=62814 yes 0.23/0.24742 fair 0.2140 — no trade (position-open)
[orv 04:58:24] scan ETH K=1781.3 yes 0.6203/0.80246 fair 0.5996 — no trade (position-open)
[orv 04:58:42] scan BTC K=62814 yes 0.24/0.2585 fair 0.2134 — no trade (position-open)
[orv 04:58:42] scan ETH K=1781.3 yes 0.6203/0.85558 fair 0.6000 — no trade (position-open)
[orv 04:59:00] scan BTC K=62814 yes 0.301/0.32 fair 0.2128 — no trade (position-open)
[orv 04:59:01] scan ETH K=1781.3 yes 0.66124/0.85558 fair 0.6003 — no trade (position-open)
[orv 04:59:18] scan BTC K=62814 yes 0.291/0.3025 fair 0.2617 — no trade (position-open)
[orv 04:59:18] scan ETH K=1781.3 yes 0.66125/0.85558 fair 0.6347 — no trade (position-open)
[orv 04:59:36] scan BTC K=62814 yes 0.301/0.31705 fair 0.2611 — no trade (position-open)
[orv 04:59:37] scan ETH K=1781.3 yes 0.66125/0.85558 fair 0.6351 — no trade (position-open)
[orv 04:59:54] scan BTC K=62814 yes 0.292/0.31705 fair 0.2606 — no trade (position-open)
[orv 05:00:12] scan BTC K=62814 yes 0.27/0.29 fair 0.2600 — no trade (position-open)
[orv 05:00:30] scan BTC K=62814 yes 0.24032/0.26 fair 0.2203 — no trade (position-open)
[orv 05:00:30] scan ETH K=1781.3 yes 0.62162/0.85558 fair 0.6034 — no trade (position-open)
[orv 05:00:48] scan BTC K=62814 yes 0.229/0.24 fair 0.2197 — no trade (position-open)
[orv 05:01:42] scan BTC K=62814 yes 0.21/0.22682 fair 0.1943 — no trade (position-open)
[orv 05:02:00] scan BTC K=62814 yes 0.21/0.22682 fair 0.1936 — no trade (position-open)
[orv 05:02:17] scan BTC K=62814 yes 0.21/0.22682 fair 0.1930 — no trade (position-open)
[orv 05:02:36] scan BTC K=62814 yes 0.21/0.22682 fair 0.1923 — no trade (position-open)
[orv 05:02:55] scan BTC K=62814 yes 0.23/0.24465 fair 0.2035 — no trade (position-open)
[orv 05:03:12] scan BTC K=62814 yes 0.23/0.25 fair 0.2028 — no trade (position-open)
[orv 05:03:31] scan BTC K=62814 yes 0.24/0.258 fair 0.2021 — no trade (position-open)
[orv 05:03:31] scan ETH K=1781.3 yes 0.65127/0.84933 fair 0.6238 — no trade (position-open)
[orv 05:03:48] scan BTC K=62814 yes 0.22324/0.249 fair 0.2015 — no trade (position-open)
[orv 05:03:48] scan ETH K=1781.3 yes 0.65127/0.84933 fair 0.6242 — no trade (position-open)
[orv 05:04:06] scan BTC K=62814 yes 0.25/0.26 fair 0.2164 — no trade (position-open)
[orv 05:04:06] SUMMARY open=2 settled=0 early=4 W/L=4/0 locked=$184 realised=$17.69 fees=$3.46
[orv 05:04:23] scan BTC K=62814 yes 0.26/0.283 fair 0.2158 — no trade (position-open)
[orv 05:04:24] scan ETH K=1781.3 yes 0.72823/0.90077 fair 0.6607 — no trade (position-open)
[orv 05:04:42] scan BTC K=62814 yes 0.26/0.283 fair 0.2151 — no trade (position-open)
[orv 05:04:42] scan ETH K=1781.3 yes 0.72823/0.90077 fair 0.6613 — no trade (position-open)
[orv 05:04:59] scan BTC K=62814 yes 0.2595/0.27767 fair 0.2145 — no trade (position-open)
[orv 05:05:00] scan ETH K=1781.3 yes 0.69468/0.90078 fair 0.6618 — no trade (position-open)
[orv 05:05:18] scan BTC K=62814 yes 0.24202/0.27 fair 0.2224 — no trade (position-open)
[orv 05:05:19] scan ETH K=1781.3 yes 0.69469/0.90077 fair 0.6804 — no trade (position-open)
[orv 05:05:36] scan BTC K=62814 yes 0.28/0.30976 fair 0.2218 — no trade (position-open)
[orv 05:05:36] scan ETH K=1781.3 yes 0.73227/0.90077 fair 0.6809 — no trade (position-open)
[orv 05:05:54] scan BTC K=62814 yes 0.281/0.30976 fair 0.2211 — no trade (position-open)
[orv 05:05:55] scan ETH K=1781.3 yes 0.73228/0.95057 fair 0.6815 — no trade (position-open)
[orv 05:06:12] scan BTC K=62814 yes 0.27383/0.29986 fair 0.2204 — no trade (position-open)
[orv 05:06:12] scan ETH K=1781.3 yes 0.73228/0.95056 fair 0.6820 — no trade (position-open)
[orv 05:06:31] scan BTC K=62814 yes 0.29576/0.30949 fair 0.2571 — no trade (position-open)
[orv 05:06:31] scan ETH K=1781.3 yes 0.76723/0.95056 fair 0.7538 — no trade (position-open)
[orv 05:06:49] scan BTC K=62814 yes 0.312/0.33901 fair 0.2565 — no trade (position-open)
[orv 05:06:49] scan ETH K=1781.3 yes 0.76723/0.95056 fair 0.7545 — no trade (position-open)
[orv 05:07:06] scan BTC K=62814 yes 0.37/0.37062 fair 0.2558 — no trade (position-open)
[orv 05:07:25] scan BTC K=62814 yes 0.351/0.37 fair 0.2551 — no trade (position-open)
[orv 05:07:25] scan ETH K=1781.3 yes 0.81513/0.97366 fair 0.7559 — no trade (position-open)
[orv 05:07:43] scan BTC K=62814 yes 0.37/0.39 fair 0.3048 — no trade (position-open)
[orv 05:07:43] scan ETH K=1781.3 yes 0.81513/0.97366 fair 0.7944 — no trade (position-open)
[orv 05:08:01] scan BTC K=62814 yes 0.366/0.39 fair 0.3042 — no trade (position-open)
[orv 05:08:02] scan ETH K=1781.3 yes 0.82257/0.97367 fair 0.7952 — no trade (position-open)
[orv 05:08:19] scan BTC K=62814 yes 0.411/0.423 fair 0.3036 — no trade (position-open)
[orv 05:08:19] scan ETH K=1781.3 yes 0.82257/0.97366 fair 0.7959 — no trade (position-open)
[orv 05:08:37] scan BTC K=62814 yes 0.451/0.47853 fair 0.3030 — no trade (position-open)
[orv 05:08:38] scan ETH K=1781.3 yes 0.8768/0.99599 fair 0.7967 — no trade (position-open)
[orv 05:08:55] scan BTC K=62814 yes 0.537/0.55 fair 0.4431 — no trade (position-open)
[orv 05:08:55] scan ETH K=1781.3 yes 0.92287/0.99599 fair 0.9121 — no trade (position-open)
[orv 05:09:13] scan BTC K=62814 yes 0.54/0.56137 fair 0.4429 — no trade (position-open)
[orv 05:09:31] scan BTC K=62814 yes 0.52/0.54 fair 0.4427 — no trade (position-open)
[orv 05:09:49] scan BTC K=62814 yes 0.55/0.578 fair 0.4424 — no trade (position-open)
[orv 05:10:07] scan BTC K=62814 yes 0.5482/0.569 fair 0.4386 — no trade (position-open)
[orv 05:10:25] scan BTC K=62814 yes 0.54917/0.57 fair 0.4383 — no trade (position-open)
[orv 05:10:44] scan BTC K=62814 yes 0.544/0.56749 fair 0.4380 — no trade (position-open)
[orv 05:11:01] scan BTC K=62814 yes 0.51251/0.52942 fair 0.4378 — no trade (position-open)
[orv 05:11:20] scan BTC K=62814 yes 0.512/0.53093 fair 0.4308 — no trade (position-open)
[orv 05:11:37] scan BTC K=62814 yes 0.504/0.53 fair 0.4305 — no trade (position-open)
[orv 05:11:56] scan BTC K=62814 yes 0.521/0.54091 fair 0.4302 — no trade (position-open)
[orv 05:12:13] scan BTC K=62814 yes 0.53578/0.55851 fair 0.4300 — no trade (position-open)
[orv 05:12:32] scan BTC K=62814 yes 0.52954/0.54662 fair 0.4224 — no trade (position-open)
[orv 05:12:50] scan BTC K=62814 yes 0.49821/0.52 fair 0.4221 — no trade (position-open)
[orv 05:13:08] scan BTC K=62814 yes 0.45813/0.48 fair 0.4217 — no trade (position-open)
[orv 05:13:26] scan BTC K=62814 yes 0.49507/0.51 fair 0.4214 — no trade (position-open)
[orv 05:13:45] scan BTC K=62814 yes 0.49507/0.51 fair 0.3956 — no trade (position-open)
[orv 05:14:03] scan BTC K=62814 yes 0.49507/0.51 fair 0.3952 — no trade (position-open)
[orv 05:14:21] scan BTC K=62814 yes 0.50321/0.50661 fair 0.3948 — no trade (position-open)
[orv 05:14:21] SUMMARY open=2 settled=0 early=4 W/L=4/0 locked=$184 realised=$17.69 fees=$3.46
[orv 05:14:40] scan BTC K=62814 yes 0.5/0.505 fair 0.3944 — no trade (position-open)
[orv 05:14:57] scan BTC K=62814 yes 0.48/0.5 fair 0.3970 — no trade (position-open)
[orv 05:15:16] scan BTC K=62814 yes 0.488/0.51 fair 0.3965 — no trade (position-open)
[orv 05:15:33] scan BTC K=62814 yes 0.481/0.49899 fair 0.3961 — no trade (position-open)
[orv 05:15:51] scan BTC K=62814 yes 0.46/0.47238 fair 0.3957 — no trade (position-open)
[orv 05:16:09] scan BTC K=62814 yes 0.44/0.47 fair 0.3679 — no trade (position-open)
[orv 05:16:28] scan BTC K=62814 yes 0.4103/0.43 fair 0.3674 — no trade (position-open)
[orv 05:17:04] scan BTC K=62814 yes 0.39/0.414 fair 0.3663 — no trade (position-open)
[orv 05:17:21] scan BTC K=62814 yes 0.42/0.44 fair 0.3350 — no trade (position-open)
[orv 05:17:40] scan BTC K=62814 yes 0.42/0.44 fair 0.3343 — no trade (position-open)
[orv 05:17:58] scan BTC K=62814 yes 0.36/0.383 fair 0.3337 — no trade (position-open)
[orv 05:18:15] scan BTC K=62814 yes 0.37/0.391 fair 0.3331 — no trade (position-open)
[orv 05:18:34] scan BTC K=62814 yes 0.35/0.37 fair 0.2990 — no trade (position-open)
[orv 05:18:51] scan BTC K=62814 yes 0.37/0.394 fair 0.2983 — no trade (position-open)
[orv 05:19:10] scan BTC K=62814 yes 0.35028/0.379 fair 0.2975 — no trade (position-open)
[orv 05:19:27] scan BTC K=62814 yes 0.36/0.384 fair 0.2968 — no trade (position-open)
[orv 05:19:45] scan BTC K=62814 yes 0.37322/0.4 fair 0.3202 — no trade (position-open)
[orv 05:20:03] scan BTC K=62814 yes 0.39489/0.41368 fair 0.3195 — no trade (position-open)
[orv 05:20:22] scan BTC K=62814 yes 0.29/0.30001 fair 0.3187 — no trade (position-open)
[orv 05:20:39] scan BTC K=62814 yes 0.36199/0.37749 fair 0.3180 — no trade (position-open)
[orv 05:20:58] scan BTC K=62814 yes 0.31615/0.34 fair 0.2711 — no trade (position-open)
[orv 05:20:59] scan ETH K=1781.3 yes 0.845/0.94999 fair 0.8311 — no trade (position-open)
[orv 05:21:16] scan BTC K=62814 yes 0.31/0.32 fair 0.2703 — no trade (position-open)
[orv 05:21:17] scan ETH K=1781.3 yes 0.845/0.94999 fair 0.8321 — no trade (position-open)
[orv 05:21:35] scan BTC K=62814 yes 0.3215/0.35 fair 0.2694 — no trade (position-open)
[orv 05:21:35] scan ETH K=1781.3 yes 0.84151/0.94999 fair 0.8332 — no trade (position-open)
[orv 05:21:53] scan BTC K=62814 yes 0.42086/0.43333 fair 0.2685 — no trade (position-open)
[orv 05:21:54] scan ETH K=1781.3 yes 0.89836/0.94999 fair 0.8341 — no trade (position-open)
[orv 05:22:11] scan BTC K=62814 yes 0.4/0.41657 fair 0.3259 — no trade (position-open)
[orv 05:22:29] scan BTC K=62814 yes 0.43/0.44812 fair 0.3252 — no trade (position-open)
[orv 05:22:47] scan BTC K=62814 yes 0.48/0.497 fair 0.3244 — no trade (position-open)
[orv 05:22:47] scan ETH K=1781.3 yes 0.91548/0.94999 fair 0.8886 — no trade (position-open)
[orv 05:23:05] scan BTC K=62814 yes 0.496/0.50735 fair 0.3237 — no trade (position-open)
[orv 05:23:05] scan ETH K=1781.3 yes 0.91168/0.94999 fair 0.8896 — no trade (position-open)
[orv 05:23:22] scan BTC K=62814 yes 0.509/0.53 fair 0.3912 — no trade (position-open)
[orv 05:23:41] scan BTC K=62814 yes 0.49/0.51261 fair 0.3907 — no trade (position-open)
[orv 05:23:57] scan BTC K=62814 yes 0.6235/0.63675 fair 0.3902 — no trade (position-open)
[orv 05:24:16] scan BTC K=62814 yes 0.57051/0.59043 fair 0.3896 — no trade (position-open)
[orv 05:24:16] scan ETH K=1781.3 yes 0.94157/0.98999 fair 0.9306 — no trade (position-open)
[orv 05:24:33] scan BTC K=62814 yes 0.56778/0.59 fair 0.4449 — no trade (position-open)
[orv 05:24:34] SUMMARY open=2 settled=0 early=4 W/L=4/0 locked=$184 realised=$17.69 fees=$3.46
[orv 05:24:52] scan BTC K=62814 yes 0.56802/0.59 fair 0.4445 — no trade (position-open)
[orv 05:25:09] scan BTC K=62814 yes 0.57/0.5865 fair 0.4442 — no trade (position-open)
[orv 05:25:28] scan BTC K=62814 yes 0.57/0.5865 fair 0.4439 — no trade (position-open)
[orv 05:25:47] scan BTC K=62814 yes 0.58/0.59001 fair 0.4484 — no trade (position-open)
[orv 05:25:47] scan ETH K=1781.3 yes 0.93014/0.98999 fair 0.9246 — no trade (position-open)
[orv 05:26:04] scan BTC K=62814 yes 0.6/0.62 fair 0.4481 — no trade (position-open)
[orv 05:26:23] scan BTC K=62814 yes 0.59223/0.61 fair 0.4477 — no trade (position-open)
[orv 05:26:23] scan ETH K=1781.3 yes 0.94863/0.98999 fair 0.9266 — no trade (position-open)
[orv 05:26:40] scan BTC K=62814 yes 0.62313/0.64 fair 0.4474 — no trade (position-open)
[orv 05:26:59] scan BTC K=62814 yes 0.62409/0.63912 fair 0.4856 — no trade (position-open)
[orv 05:27:16] scan BTC K=62814 yes 0.63/0.65 fair 0.4854 — no trade (position-open)
[orv 05:27:34] scan BTC K=62814 yes 0.64/0.66 fair 0.4853 — no trade (position-open)
[orv 05:27:51] scan BTC K=62814 yes 0.63/0.65151 fair 0.4851 — no trade (position-open)
[orv 05:28:10] scan BTC K=62814 yes 0.63133/0.65986 fair 0.4899 — no trade (position-open)
[orv 05:28:27] scan BTC K=62814 yes 0.6138/0.64 fair 0.4898 — no trade (position-open)
[orv 05:28:46] scan BTC K=62814 yes 0.6138/0.64 fair 0.4896 — no trade (position-open)
[orv 05:29:04] scan BTC K=62814 yes 0.57/0.59001 fair 0.4895 — no trade (position-open)
[orv 05:29:04] scan ETH K=1781.3 yes 0.94464/0.99 fair 0.9357 — no trade (position-open)
[orv 05:29:22] scan BTC K=62814 yes 0.561/0.58 fair 0.4163 — no trade (position-open)
[orv 05:29:41] scan BTC K=62814 yes 0.561/0.58 fair 0.4158 — no trade (position-open)
[orv 05:29:58] scan BTC K=62814 yes 0.561/0.59 fair 0.4153 — no trade (position-open)
[orv 05:30:17] scan BTC K=62814 yes 0.64633/0.66 fair 0.4147 — no trade (position-open)
[orv 05:30:35] scan BTC K=62814 yes 0.61244/0.64 fair 0.4597 — no trade (position-open)
[orv 05:30:53] scan BTC K=62814 yes 0.59/0.60494 fair 0.4593 — no trade (position-open)
[orv 05:31:10] scan BTC K=62814 yes 0.63871/0.659 fair 0.4590 — no trade (position-open)
[orv 05:31:11] scan ETH K=1781.3 yes 0.9615/0.98999 fair 0.9534 — no trade (position-open)
[orv 05:31:29] scan BTC K=62814 yes 0.59/0.5903 fair 0.4587 — no trade (position-open)
[orv 05:31:46] scan BTC K=62814 yes 0.55/0.57 fair 0.3809 — no trade (position-open)
[orv 05:32:05] scan BTC K=62814 yes 0.57899/0.58899 fair 0.3801 — no trade (position-open)
[orv 05:32:23] scan BTC K=62814 yes 0.60163/0.629 fair 0.3794 — no trade (position-open)
[orv 05:32:23] scan ETH K=1781.3 yes 0.95691/0.98999 fair 0.9480 — no trade (position-open)
[orv 05:32:41] scan BTC K=62814 yes 0.61/0.636 fair 0.3786 — no trade (position-open)
[orv 05:32:59] scan BTC K=62814 yes 0.62/0.636 fair 0.4604 — no trade (position-open)
[orv 05:33:17] scan BTC K=62814 yes 0.60381/0.63 fair 0.4600 — no trade (position-open)
[orv 05:33:35] scan BTC K=62814 yes 0.6/0.60001 fair 0.4597 — no trade (position-open)
[orv 05:33:53] scan BTC K=62814 yes 0.591/0.61 fair 0.4594 — no trade (position-open)
[orv 05:34:13] scan BTC K=62814 yes 0.616/0.64 fair 0.4564 — no trade (position-open)
[orv 05:34:13] scan ETH K=1781.3 yes 0.96421/0.98999 fair 0.9510 — no trade (position-open)
[orv 05:34:30] scan BTC K=62814 yes 0.59/0.61199 fair 0.4560 — no trade (position-open)
[orv 05:34:48] scan BTC K=62814 yes 0.48/0.5 fair 0.4556 — no trade (position-open)
[orv 05:34:48] SUMMARY open=2 settled=0 early=4 W/L=4/0 locked=$184 realised=$17.69 fees=$3.46
[orv 05:35:05] scan BTC K=62814 yes 0.49/0.52 fair 0.4552 — no trade (position-open)
[orv 05:35:06] scan ETH K=1781.3 yes 0.94815/0.98999 fair 0.9395 — no trade (position-open)
[orv 05:35:24] scan BTC K=62814 yes 0.45/0.48 fair 0.3224 — no trade (position-open)
[orv 05:35:24] scan ETH K=1781.3 yes 0.94815/0.98999 fair 0.9407 — no trade (position-open)
[orv 05:35:41] scan BTC K=62814 yes 0.445/0.46 fair 0.3213 — no trade (position-open)
[orv 05:35:41] scan ETH K=1781.3 yes 0.94816/0.98999 fair 0.9418 — no trade (position-open)
[orv 05:35:59] scan BTC K=62814 yes 0.46188/0.47 fair 0.3201 — no trade (position-open)
[orv 05:36:00] scan ETH K=1781.3 yes 0.96006/0.99 fair 0.9429 — no trade (position-open)
[orv 05:36:17] scan BTC K=62814 yes 0.48/0.49925 fair 0.3190 — no trade (position-open)
[orv 05:36:35] scan BTC K=62814 yes 0.42/0.43235 fair 0.2922 — no trade (position-open)
[orv 05:36:53] scan BTC K=62814 yes 0.41223/0.434 fair 0.2909 — no trade (position-open)
[orv 05:37:12] scan BTC K=62814 yes 0.41217/0.429 fair 0.2895 — no trade (position-open)
[orv 05:37:31] scan BTC K=62814 yes 0.38584/0.409 fair 0.2882 — no trade (position-open)
[orv 05:37:49] scan BTC K=62814 yes 0.34/0.364 fair 0.2246 — no trade (position-open)
[orv 05:38:07] scan BTC K=62814 yes 0.32/0.32954 fair 0.2228 — no trade (position-open)
[orv 05:38:25] scan BTC K=62814 yes 0.29/0.30643 fair 0.2212 — no trade (position-open)
[orv 05:38:43] scan BTC K=62814 yes 0.29/0.30919 fair 0.2194 — no trade (position-open)
[orv 05:38:44] scan ETH K=1781.3 yes 0.88506/0.95999 fair 0.8784 — no trade (position-open)
[orv 05:39:01] scan BTC K=62814 yes 0.23/0.25333 fair 0.1596 — no trade (position-open)
[orv 05:39:19] scan BTC K=62814 yes 0.20051/0.23 fair 0.1577 — no trade (position-open)
[orv 05:39:37] scan BTC K=62814 yes 0.2034/0.2084 fair 0.1559 — no trade (position-open)
[orv 05:39:56] scan BTC K=62814 yes 0.21/0.22 fair 0.1539 — no trade (position-open)
[orv 05:40:14] scan BTC K=62814 yes 0.128/0.15712 fair 0.1060 — no trade (position-open)
[orv 05:40:32] scan BTC K=62814 yes 0.13222/0.14799 fair 0.1041 — no trade (position-open)
[orv 05:40:51] scan BTC K=62814 yes 0.2015/0.21052 fair 0.1023 — no trade (position-open)
[orv 05:41:09] scan BTC K=62814 yes 0.17999/0.18 fair 0.1004 — no trade (position-open)
[orv 05:41:09] scan ETH K=1781.3 yes 0.82705/0.95999 fair 0.8121 — no trade (position-open)
[orv 05:41:27] scan BTC K=62814 yes 0.19399/0.19401 fair 0.1172 — no trade (position-open)
[orv 05:41:28] scan ETH K=1781.3 yes 0.8232/0.95999 fair 0.8142 — no trade (position-open)
[orv 05:41:45] scan BTC K=62814 yes 0.15999/0.16 fair 0.1153 — no trade (position-open)
[orv 05:42:04] TAKE-PROFIT BTC K=62814 side=NO exit=0.890 realised=$2.50
[orv 05:42:21] scan BTC K=62814 yes 0.12/0.12001 fair 0.1113 — no trade (inside-expiry-guard (18m left))
[orv 05:42:40] scan BTC K=62814 yes 0.09/0.11 fair 0.0597 — no trade (inside-expiry-guard (17m left))
[orv 05:42:57] scan BTC K=62814 yes 0.10852/0.12 fair 0.0581 — no trade (inside-expiry-guard (17m left))
[orv 05:42:58] scan ETH K=1781.3 yes 0.79388/0.97923 fair 0.7573 — no trade (position-open)
[orv 05:43:16] scan BTC K=62814 yes 0.10999/0.11 fair 0.0564 — no trade (inside-expiry-guard (17m left))
[orv 05:43:17] scan ETH K=1781.3 yes 0.83138/0.98999 fair 0.7594 — no trade (position-open)
[orv 05:43:34] scan BTC K=62814 yes 0.13/0.13001 fair 0.0548 — no trade (inside-expiry-guard (16m left))
[orv 05:43:52] scan BTC K=62814 yes 0.12252/0.13052 fair 0.0639 — no trade (inside-expiry-guard (16m left))
[orv 05:44:11] scan BTC K=62814 yes 0.17/0.17999 fair 0.0622 — no trade (inside-expiry-guard (16m left))
[orv 05:44:12] scan ETH K=1781.3 yes 0.89299/0.98999 fair 0.8536 — no trade (position-open)
[orv 05:44:28] scan BTC K=62814 yes 0.18888/0.18889 fair 0.0603 — no trade (inside-expiry-guard (16m left))
[orv 05:44:29] scan ETH K=1781.3 yes 0.86485/0.98999 fair 0.8561 — no trade (position-open)
[orv 05:44:47] scan BTC K=62814 yes 0.18717/0.19462 fair 0.0584 — no trade (inside-expiry-guard (15m left))
[orv 05:45:05] scan BTC K=62814 yes 0.21999/0.22 fair 0.0912 — no trade (inside-expiry-guard (15m left))
[orv 05:45:05] scan ETH K=1781.3 yes 0.89737/0.98999 fair 0.8805 — no trade (position-open)
[orv 05:45:05] SUMMARY open=1 settled=0 early=5 W/L=5/0 locked=$98 realised=$20.19 fees=$3.96
[orv 05:45:23] scan BTC K=62814 yes 0.19117/0.20001 fair 0.0888 — no trade (inside-expiry-guard (15m left))
[orv 05:45:24] scan ETH K=1781.3 yes 0.89737/0.98999 fair 0.8830 — no trade (position-open)
[orv 05:45:40] scan BTC K=62814 yes 0.13251/0.14749 fair 0.0866 — no trade (inside-expiry-guard (14m left))
[orv 05:45:41] scan ETH K=1781.3 yes 0.89249/0.98999 fair 0.8854 — no trade (position-open)
[orv 05:45:59] scan BTC K=62814 yes 0.11/0.11469 fair 0.0842 — no trade (inside-expiry-guard (14m left))
[orv 05:46:00] scan ETH K=1781.3 yes 0.8925/0.98999 fair 0.8711 — no trade (position-open)
[orv 05:46:17] scan BTC K=62814 yes 0.1182/0.12 fair 0.0456 — no trade (inside-expiry-guard (14m left))
[orv 05:46:36] scan BTC K=62814 yes 0.08521/0.09 fair 0.0437 — no trade (inside-expiry-guard (13m left))
[orv 05:46:36] scan ETH K=1781.3 yes 0.88494/0.98999 fair 0.8765 — no trade (position-open)
[orv 05:46:53] scan BTC K=62814 yes 0.10764/0.10765 fair 0.0420 — no trade (inside-expiry-guard (13m left))
[orv 05:46:54] scan ETH K=1781.3 yes 0.90978/0.98999 fair 0.8792 — no trade (position-open)
[orv 05:47:12] scan BTC K=62814 yes 0.09849/0.0985 fair 0.0401 — no trade (inside-expiry-guard (13m left))
[orv 05:47:30] scan BTC K=62814 yes 0.041/0.06 fair 0.0182 — no trade (inside-expiry-guard (13m left))
[orv 05:47:48] scan BTC K=62814 yes 0.046/0.06339 fair 0.0170 — no trade (inside-expiry-guard (12m left))
[orv 05:48:06] scan BTC K=62814 yes 0.05/0.06339 fair 0.0159 — no trade (inside-expiry-guard (12m left))
[orv 05:48:24] scan BTC K=62814 yes 0.06/0.07036 fair 0.0149 — no trade (inside-expiry-guard (12m left))
[orv 05:48:43] scan BTC K=62814 yes 0.08208/0.09 fair 0.0244 — no trade (inside-expiry-guard (11m left))
[orv 05:48:44] scan ETH K=1781.3 yes 0.92321/0.98999 fair 0.8864 — no trade (position-open)
[orv 05:49:01] scan BTC K=62814 yes 0.0635/0.07318 fair 0.0229 — no trade (inside-expiry-guard (11m left))
[orv 05:49:01] scan ETH K=1781.3 yes 0.92322/0.98999 fair 0.8896 — no trade (position-open)
[orv 05:49:19] scan BTC K=62814 yes 0.06451/0.07668 fair 0.0213 — no trade (inside-expiry-guard (11m left))
[orv 05:49:20] scan ETH K=1781.3 yes 0.92322/0.98999 fair 0.8930 — no trade (position-open)
[orv 05:49:37] scan BTC K=62814 yes 0.07851/0.07961 fair 0.0199 — no trade (inside-expiry-guard (10m left))
[orv 05:49:55] scan BTC K=62814 yes 0.06848/0.06849 fair 0.0194 — no trade (inside-expiry-guard (10m left))
[orv 05:49:56] scan ETH K=1781.3 yes 0.9433/0.98999 fair 0.9339 — no trade (position-open)
[orv 05:50:12] scan BTC K=62814 yes 0.05/0.07 fair 0.0180 — no trade (inside-expiry-guard (10m left))
[orv 05:50:13] scan ETH K=1781.3 yes 0.9433/0.98999 fair 0.9367 — no trade (position-open)
[orv 05:50:31] scan BTC K=62814 yes 0.025/0.03803 fair 0.0165 — no trade (inside-expiry-guard (10m left))
[orv 05:50:48] scan BTC K=62814 yes 0.028/0.0425 fair 0.0152 — no trade (inside-expiry-guard (9m left))
[orv 05:50:49] scan ETH K=1781.3 yes 0.92814/0.99599 fair 0.9221 — no trade (position-open)
[orv 05:51:07] scan BTC K=62814 yes 0.022/0.045 fair 0.0067 — no trade (inside-expiry-guard (9m left))
[orv 05:51:08] scan ETH K=1781.3 yes 0.94478/0.99599 fair 0.9258 — no trade (position-open)
[orv 05:51:26] scan BTC K=62814 yes 0.05/0.05224 fair 0.0060 — no trade (inside-expiry-guard (9m left))
[orv 05:51:27] scan ETH K=1781.3 yes 0.94478/0.99599 fair 0.9292 — no trade (position-open)
[orv 05:51:44] scan BTC K=62814 yes 0.036/0.0428 fair 0.0052 — no trade (inside-expiry-guard (8m left))
[orv 05:51:44] scan ETH K=1781.3 yes 0.94478/0.99599 fair 0.9330 — no trade (position-open)
[orv 05:52:03] scan BTC K=62814 yes 0.034/0.03813 fair 0.0045 — no trade (inside-expiry-guard (8m left))
[orv 05:52:03] scan ETH K=1781.3 yes 0.94478/0.99599 fair 0.9346 — no trade (position-open)
[orv 05:52:20] scan BTC K=62814 yes 0.026/0.04061 fair 0.0086 — no trade (inside-expiry-guard (8m left))
[orv 05:52:20] scan ETH K=1781.3 yes 0.94478/0.99599 fair 0.9382 — no trade (position-open)
[orv 05:52:39] scan BTC K=62814 yes 0.02513/0.04255 fair 0.0075 — no trade (inside-expiry-guard (7m left))
[orv 05:52:39] scan ETH K=1781.3 yes 0.95829/0.99599 fair 0.9421 — no trade (position-open)
[orv 05:52:56] scan BTC K=62814 yes 0.01206/0.037 fair 0.0065 — no trade (inside-expiry-guard (7m left))
[orv 05:53:14] scan BTC K=62814 yes 0.01119/0.037 fair 0.0056 — no trade (inside-expiry-guard (7m left))
[orv 05:53:15] scan ETH K=1781.3 yes 0.95378/0.99599 fair 0.9454 — no trade (position-open)
[orv 05:53:32] scan BTC K=62814 yes 0.01/0.028 fair 0.0027 — no trade (inside-expiry-guard (6m left))
[orv 05:53:51] scan BTC K=62814 yes 0.014/0.03499 fair 0.0021 — no trade (inside-expiry-guard (6m left))
[orv 05:53:51] scan ETH K=1781.3 yes 0.96637/0.996 fair 0.9535 — no trade (position-open)
[orv 05:54:08] scan BTC K=62814 yes 0.014/0.031 fair 0.0017 — no trade (inside-expiry-guard (6m left))
[orv 05:54:09] scan ETH K=1781.3 yes 0.97479/0.996 fair 0.9574 — no trade (position-open)
[orv 05:54:27] scan BTC K=62814 yes 0.014/0.034 fair 0.0013 — no trade (inside-expiry-guard (6m left))
[orv 05:54:45] scan BTC K=62814 yes 0.012/0.034 fair 0.0023 — no trade (inside-expiry-guard (5m left))
[orv 05:55:03] scan BTC K=62814 yes 0.01/0.02269 fair 0.0017 — no trade (inside-expiry-guard (5m left))
[orv 05:55:22] scan BTC K=62814 yes 0.01/0.0175 fair 0.0013 — no trade (inside-expiry-guard (5m left))
[orv 05:55:23] SUMMARY open=1 settled=0 early=5 W/L=5/0 locked=$98 realised=$20.19 fees=$3.96
[orv 06:00:03] SETTLE ETH K=1781.3 → YES | side=NO realised=$-98.84 | book realised=$-78.65
[orv 06:00:40] scan BTC K=62713 yes 0.49/0.49826 fair 0.4782 — no trade (edge 0.0068 < min 0.03)
[orv 06:00:58] scan BTC K=62713 yes 0.49/0.49405 fair 0.4782 — no trade (edge 0.0068 < min 0.03)
[orv 06:01:15] scan BTC K=62713 yes 0.49/0.49581 fair 0.4771 — no trade (edge 0.0079 < min 0.03)
[orv 06:01:34] scan BTC K=62713 yes 0.495/0.49629 fair 0.4771 — no trade (edge 0.0129 < min 0.03)
[orv 06:01:51] scan BTC K=62713 yes 0.495/0.49629 fair 0.4771 — no trade (edge 0.0129 < min 0.03)
[orv 06:02:10] scan BTC K=62713 yes 0.495/0.5 fair 0.4771 — no trade (edge 0.0129 < min 0.03)
[orv 06:02:27] scan BTC K=62713 yes 0.495/0.49833 fair 0.4801 — no trade (edge 0.0099 < min 0.03)
[orv 06:02:46] scan BTC K=62713 yes 0.495/0.49527 fair 0.4801 — no trade (edge 0.0099 < min 0.03)
[orv 06:03:03] scan BTC K=62713 yes 0.49/0.49001 fair 0.4801 — no trade (edge 0.0049 < min 0.03)
[orv 06:03:21] scan BTC K=62713 yes 0.4875/0.49 fair 0.4801 — no trade (edge 0.0024 < min 0.03)
[orv 06:03:39] scan BTC K=62713 yes 0.4858/0.49 fair 0.4717 — no trade (edge 0.0091 < min 0.03)
[orv 06:05:29] SUMMARY open=0 settled=1 early=5 W/L=5/1 locked=$0 realised=$-78.65 fees=$4.58
[orv 06:08:47] scan BTC K=62713 yes 0.45501/0.46784 fair 0.4729 — no trade (edge 0.0000 < min 0.03)
[orv 06:09:05] scan BTC K=62713 yes 0.455/0.466 fair 0.4729 — no trade (edge 0.0019 < min 0.03)
[orv 06:09:23] scan BTC K=62713 yes 0.455/0.4665 fair 0.4729 — no trade (edge 0.0014 < min 0.03)
[orv 06:11:29] scan BTC K=62713 yes 0.45426/0.455 fair 0.4765 — no trade (edge 0.0165 < min 0.03)
[orv 06:11:47] scan BTC K=62713 yes 0.451/0.46683 fair 0.4765 — no trade (edge 0.0047 < min 0.03)
[orv 06:13:18] scan BTC K=62713 yes 0.47/0.48 fair 0.4860 — no trade (edge 0.0010 < min 0.03)
[orv 06:13:54] scan BTC K=62713 yes 0.48/0.48026 fair 0.4860 — no trade (edge 0.0007 < min 0.03)
[orv 06:14:11] scan BTC K=62713 yes 0.47451/0.48 fair 0.4860 — no trade (edge 0.0010 < min 0.03)
[orv 06:14:47] scan BTC K=62713 yes 0.46728/0.46923 fair 0.4798 — no trade (edge 0.0056 < min 0.03)
[orv 06:15:06] scan BTC K=62713 yes 0.451/0.46724 fair 0.4798 — no trade (edge 0.0076 < min 0.03)
[orv 06:15:42] SUMMARY open=0 settled=1 early=5 W/L=5/1 locked=$0 realised=$-78.65 fees=$4.58
[orv 06:17:29] scan BTC K=62713 yes 0.46526/0.46747 fair 0.4726 — no trade (edge 0.0001 < min 0.03)
[orv 06:17:48] scan BTC K=62713 yes 0.46526/0.46747 fair 0.4726 — no trade (edge 0.0001 < min 0.03)
[orv 06:23:49] scan BTC K=62713 yes 0.474/0.47774 fair 0.4650 — no trade (edge 0.0040 < min 0.03)
[orv 06:24:25] scan BTC K=62713 yes 0.4785/0.48 fair 0.4715 — no trade (edge 0.0020 < min 0.03)
[orv 06:24:42] scan BTC K=62713 yes 0.4785/0.48 fair 0.4715 — no trade (edge 0.0020 < min 0.03)
[orv 06:25:01] scan BTC K=62713 yes 0.4775/0.48 fair 0.4715 — no trade (edge 0.0010 < min 0.03)
[orv 06:25:55] SUMMARY open=0 settled=1 early=5 W/L=5/1 locked=$0 realised=$-78.65 fees=$4.58
[orv 06:26:14] scan ETH K=1786.7 yes 0.48001/0.50319 fair 0.4736 — no trade (edge 0.0014 < min 0.03)
[orv 06:26:31] scan ETH K=1786.7 yes 0.48/0.5032 fair 0.4736 — no trade (edge 0.0014 < min 0.03)
[orv 06:26:50] scan ETH K=1786.7 yes 0.48001/0.50319 fair 0.4736 — no trade (edge 0.0014 < min 0.03)
[orv 06:27:45] scan ETH K=1786.7 yes 0.48001/0.50319 fair 0.4742 — no trade (edge 0.0008 < min 0.03)
[orv 06:28:01] scan ETH K=1786.7 yes 0.48001/0.49314 fair 0.4742 — no trade (edge 0.0008 < min 0.03)
[orv 06:28:20] scan ETH K=1786.7 yes 0.48001/0.49314 fair 0.4637 — no trade (edge 0.0113 < min 0.03)
[orv 06:28:38] scan ETH K=1786.7 yes 0.48/0.49314 fair 0.4637 — no trade (edge 0.0113 < min 0.03)
[orv 06:28:56] scan BTC K=62713 yes 0.4695/0.472 fair 0.4628 — no trade (edge 0.0017 < min 0.03)
[orv 06:28:56] scan ETH K=1786.7 yes 0.48001/0.49314 fair 0.4637 — no trade (edge 0.0113 < min 0.03)
[orv 06:29:13] scan BTC K=62713 yes 0.4695/0.477 fair 0.4628 — no trade (edge 0.0017 < min 0.03)
[orv 06:29:13] scan ETH K=1786.7 yes 0.48001/0.49314 fair 0.4637 — no trade (edge 0.0113 < min 0.03)
[orv 06:29:32] scan BTC K=62713 yes 0.4695/0.47534 fair 0.4628 — no trade (edge 0.0017 < min 0.03)
[orv 06:29:50] scan BTC K=62713 yes 0.4695/0.476 fair 0.4628 — no trade (edge 0.0017 < min 0.03)
[orv 06:30:08] scan ETH K=1786.7 yes 0.47001/0.49314 fair 0.4646 — no trade (edge 0.0004 < min 0.03)
[orv 06:30:26] scan ETH K=1786.7 yes 0.47001/0.49314 fair 0.4646 — no trade (edge 0.0004 < min 0.03)
[orv 06:31:57] scan BTC K=62713 yes 0.48265/0.49898 fair 0.4667 — no trade (edge 0.0109 < min 0.03)
[orv 06:32:15] scan BTC K=62713 yes 0.494/0.49601 fair 0.4667 — no trade (edge 0.0223 < min 0.03)
[orv 06:32:33] scan BTC K=62713 yes 0.494/0.49501 fair 0.4772 — no trade (edge 0.0118 < min 0.03)
[orv 06:33:09] scan BTC K=62713 yes 0.485/0.49188 fair 0.4772 — no trade (edge 0.0028 < min 0.03)
[orv 06:34:04] scan BTC K=62713 yes 0.493/0.495 fair 0.4806 — no trade (edge 0.0074 < min 0.03)
[orv 06:34:23] scan BTC K=62713 yes 0.493/0.495 fair 0.4806 — no trade (edge 0.0074 < min 0.03)
[orv 06:34:41] scan BTC K=62713 yes 0.49251/0.494 fair 0.4806 — no trade (edge 0.0070 < min 0.03)
[orv 06:36:13] SUMMARY open=0 settled=1 early=5 W/L=5/1 locked=$0 realised=$-78.65 fees=$4.58
[orv 06:38:00] scan ETH K=1786.7 yes 0.48001/0.5035 fair 0.4739 — no trade (edge 0.0011 < min 0.03)
[orv 06:38:35] scan BTC K=62713 yes 0.49/0.49024 fair 0.4784 — no trade (edge 0.0066 < min 0.03)
[orv 06:38:54] scan BTC K=62713 yes 0.49/0.49024 fair 0.4784 — no trade (edge 0.0066 < min 0.03)
[orv 06:39:30] scan BTC K=62713 yes 0.465/0.47 fair 0.4784 — no trade (edge 0.0034 < min 0.03)
[orv 06:39:47] scan BTC K=62713 yes 0.465/0.467 fair 0.4574 — no trade (edge 0.0026 < min 0.03)
[orv 06:40:24] scan ETH K=1786.7 yes 0.46001/0.47177 fair 0.4454 — no trade (edge 0.0096 < min 0.03)
[orv 06:40:43] scan ETH K=1786.7 yes 0.46001/0.47178 fair 0.4454 — no trade (edge 0.0096 < min 0.03)
[orv 06:41:00] scan BTC K=62713 yes 0.46/0.47 fair 0.4542 — no trade (edge 0.0008 < min 0.03)
[orv 06:41:18] scan BTC K=62713 yes 0.465/0.47 fair 0.4542 — no trade (edge 0.0058 < min 0.03)
[orv 06:41:19] scan ETH K=1786.7 yes 0.46001/0.48175 fair 0.4454 — no trade (edge 0.0096 < min 0.03)
[orv 06:41:36] scan BTC K=62713 yes 0.4675/0.47 fair 0.4542 — no trade (edge 0.0083 < min 0.03)
[orv 06:41:55] scan BTC K=62713 yes 0.4675/0.47 fair 0.4542 — no trade (edge 0.0083 < min 0.03)
[orv 06:42:14] scan BTC K=62713 yes 0.477/0.4805 fair 0.4675 — no trade (edge 0.0045 < min 0.03)
[orv 06:42:31] scan BTC K=62713 yes 0.48/0.4805 fair 0.4674 — no trade (edge 0.0076 < min 0.03)
[orv 06:42:50] scan BTC K=62713 yes 0.478/0.4805 fair 0.4674 — no trade (edge 0.0056 < min 0.03)
[orv 06:43:07] scan BTC K=62713 yes 0.47775/0.4805 fair 0.4674 — no trade (edge 0.0053 < min 0.03)
[orv 06:43:26] scan BTC K=62713 yes 0.47775/0.4805 fair 0.4666 — no trade (edge 0.0062 < min 0.03)
[orv 06:43:43] scan BTC K=62713 yes 0.47775/0.4805 fair 0.4666 — no trade (edge 0.0062 < min 0.03)
[orv 06:44:02] scan BTC K=62713 yes 0.47775/0.4805 fair 0.4666 — no trade (edge 0.0062 < min 0.03)
[orv 06:44:20] scan BTC K=62713 yes 0.47775/0.4805 fair 0.4666 — no trade (edge 0.0062 < min 0.03)
[orv 06:44:38] scan BTC K=62713 yes 0.48/0.488 fair 0.4707 — no trade (edge 0.0043 < min 0.03)
[orv 06:44:56] scan BTC K=62713 yes 0.48/0.488 fair 0.4707 — no trade (edge 0.0043 < min 0.03)
[orv 06:45:15] scan BTC K=62713 yes 0.48/0.488 fair 0.4707 — no trade (edge 0.0043 < min 0.03)
[orv 06:45:34] scan BTC K=62713 yes 0.4795/0.4844 fair 0.4707 — no trade (edge 0.0038 < min 0.03)
[orv 06:45:51] scan BTC K=62713 yes 0.47775/0.47975 fair 0.4629 — no trade (edge 0.0098 < min 0.03)
[orv 06:46:09] scan BTC K=62713 yes 0.47775/0.47975 fair 0.4629 — no trade (edge 0.0098 < min 0.03)
[orv 06:46:25] scan BTC K=62713 yes 0.47775/0.47975 fair 0.4629 — no trade (edge 0.0098 < min 0.03)
[orv 06:46:26] SUMMARY open=0 settled=1 early=5 W/L=5/1 locked=$0 realised=$-78.65 fees=$4.58
[orv 06:46:43] scan BTC K=62713 yes 0.47775/0.47975 fair 0.4629 — no trade (edge 0.0098 < min 0.03)
[orv 06:46:44] scan ETH K=1786.7 yes 0.46001/0.48175 fair 0.4534 — no trade (edge 0.0016 < min 0.03)
[orv 06:47:04] scan BTC K=62713 yes 0.47775/0.47975 fair 0.4616 — no trade (edge 0.0111 < min 0.03)
[orv 06:47:05] scan ETH K=1786.7 yes 0.46001/0.48175 fair 0.4534 — no trade (edge 0.0016 < min 0.03)
[orv 06:47:22] scan BTC K=62713 yes 0.47775/0.47975 fair 0.4616 — no trade (edge 0.0111 < min 0.03)
[orv 06:47:22] scan ETH K=1786.7 yes 0.46001/0.48175 fair 0.4534 — no trade (edge 0.0016 < min 0.03)
[orv 06:47:41] scan BTC K=62713 yes 0.47775/0.47975 fair 0.4616 — no trade (edge 0.0111 < min 0.03)
[orv 06:47:41] scan ETH K=1786.7 yes 0.46001/0.48175 fair 0.4549 — no trade (edge 0.0001 < min 0.03)
[orv 06:47:58] scan BTC K=62713 yes 0.47775/0.47975 fair 0.4616 — no trade (edge 0.0111 < min 0.03)
[orv 06:48:16] scan BTC K=62713 yes 0.47775/0.47975 fair 0.4607 — no trade (edge 0.0120 < min 0.03)
[orv 06:48:35] scan BTC K=62713 yes 0.47775/0.47975 fair 0.4607 — no trade (edge 0.0120 < min 0.03)
[orv 06:48:36] scan ETH K=1786.7 yes 0.46001/0.48175 fair 0.4549 — no trade (edge 0.0001 < min 0.03)
[orv 06:48:53] scan BTC K=62713 yes 0.47775/0.47975 fair 0.4607 — no trade (edge 0.0120 < min 0.03)
[orv 06:48:53] scan ETH K=1786.7 yes 0.46001/0.48175 fair 0.4525 — no trade (edge 0.0025 < min 0.03)
[orv 06:49:11] scan BTC K=62713 yes 0.47775/0.47875 fair 0.4607 — no trade (edge 0.0120 < min 0.03)
[orv 06:49:12] scan ETH K=1786.7 yes 0.46001/0.48175 fair 0.4525 — no trade (edge 0.0025 < min 0.03)
[orv 06:49:28] scan BTC K=62713 yes 0.47775/0.47875 fair 0.4588 — no trade (edge 0.0139 < min 0.03)
[orv 06:49:47] scan BTC K=62713 yes 0.47775/0.47975 fair 0.4588 — no trade (edge 0.0139 < min 0.03)
[orv 06:49:47] scan ETH K=1786.7 yes 0.46/0.48175 fair 0.4525 — no trade (edge 0.0025 < min 0.03)
[orv 06:50:04] scan BTC K=62713 yes 0.47775/0.47975 fair 0.4588 — no trade (edge 0.0139 < min 0.03)
[orv 06:50:04] scan ETH K=1786.7 yes 0.46001/0.48175 fair 0.4534 — no trade (edge 0.0016 < min 0.03)
[orv 06:50:22] scan BTC K=62713 yes 0.47775/0.47975 fair 0.4588 — no trade (edge 0.0139 < min 0.03)
[orv 06:50:23] scan ETH K=1786.7 yes 0.46001/0.48175 fair 0.4534 — no trade (edge 0.0016 < min 0.03)
[orv 06:50:40] scan BTC K=62713 yes 0.475/0.478 fair 0.4572 — no trade (edge 0.0128 < min 0.03)
[orv 06:50:40] scan ETH K=1786.7 yes 0.46001/0.48175 fair 0.4534 — no trade (edge 0.0016 < min 0.03)
[orv 06:50:59] scan ETH K=1786.7 yes 0.46001/0.48176 fair 0.4534 — no trade (edge 0.0016 < min 0.03)
[orv 06:51:17] scan ETH K=1786.7 yes 0.46001/0.48175 fair 0.4530 — no trade (edge 0.0020 < min 0.03)
[orv 06:51:35] scan BTC K=62713 yes 0.464/0.47151 fair 0.4571 — no trade (edge 0.0019 < min 0.03)
[orv 06:51:36] scan ETH K=1786.7 yes 0.46001/0.48175 fair 0.4530 — no trade (edge 0.0020 < min 0.03)
[orv 06:51:53] scan BTC K=62713 yes 0.461/0.46971 fair 0.4550 — no trade (edge 0.0010 < min 0.03)
[orv 06:51:53] scan ETH K=1786.7 yes 0.46001/0.48175 fair 0.4530 — no trade (edge 0.0020 < min 0.03)
[orv 06:52:11] scan BTC K=62713 yes 0.461/0.46971 fair 0.4550 — no trade (edge 0.0010 < min 0.03)
[orv 06:52:12] scan ETH K=1786.7 yes 0.46001/0.48175 fair 0.4530 — no trade (edge 0.0020 < min 0.03)
[orv 06:52:30] scan BTC K=62713 yes 0.46051/0.46971 fair 0.4550 — no trade (edge 0.0005 < min 0.03)
[orv 06:52:47] scan BTC K=62713 yes 0.464/0.46971 fair 0.4550 — no trade (edge 0.0040 < min 0.03)
[orv 06:53:06] scan ETH K=1786.7 yes 0.46001/0.48175 fair 0.4547 — no trade (edge 0.0003 < min 0.03)
[orv 06:53:23] scan BTC K=62713 yes 0.47/0.47874 fair 0.4606 — no trade (edge 0.0044 < min 0.03)
[orv 06:53:24] scan ETH K=1786.7 yes 0.46001/0.48175 fair 0.4547 — no trade (edge 0.0003 < min 0.03)
[orv 06:53:42] scan BTC K=62713 yes 0.47/0.47874 fair 0.4606 — no trade (edge 0.0044 < min 0.03)
[orv 06:53:59] scan BTC K=62713 yes 0.47/0.47446 fair 0.4606 — no trade (edge 0.0044 < min 0.03)
[orv 06:54:55] scan BTC K=62713 yes 0.445/0.449 fair 0.4558 — no trade (edge 0.0018 < min 0.03)
[orv 06:54:55] scan ETH K=1786.7 yes 0.46/0.47191 fair 0.4458 — no trade (edge 0.0092 < min 0.03)
[orv 06:55:12] scan BTC K=62713 yes 0.446/0.45 fair 0.4558 — no trade (edge 0.0008 < min 0.03)
[orv 06:55:12] scan ETH K=1786.7 yes 0.46/0.47191 fair 0.4458 — no trade (edge 0.0092 < min 0.03)
[orv 06:55:31] scan BTC K=62713 yes 0.446/0.44968 fair 0.4392 — no trade (edge 0.0018 < min 0.03)
[orv 06:55:31] scan ETH K=1786.7 yes 0.45851/0.47191 fair 0.4458 — no trade (edge 0.0077 < min 0.03)
[orv 06:55:48] scan BTC K=62713 yes 0.44554/0.45 fair 0.4392 — no trade (edge 0.0014 < min 0.03)
[orv 06:55:49] scan ETH K=1786.7 yes 0.45767/0.47191 fair 0.4458 — no trade (edge 0.0069 < min 0.03)
[orv 06:56:07] scan BTC K=62713 yes 0.44526/0.45 fair 0.4392 — no trade (edge 0.0011 < min 0.03)
[orv 06:56:07] scan ETH K=1786.7 yes 0.45723/0.47191 fair 0.4445 — no trade (edge 0.0078 < min 0.03)
[orv 06:56:25] scan BTC K=62713 yes 0.44598/0.45 fair 0.4392 — no trade (edge 0.0018 < min 0.03)
[orv 06:56:25] scan ETH K=1786.7 yes 0.457/0.47191 fair 0.4445 — no trade (edge 0.0075 < min 0.03)
[orv 06:56:43] scan ETH K=1786.7 yes 0.45701/0.47191 fair 0.4445 — no trade (edge 0.0075 < min 0.03)
[orv 06:56:43] SUMMARY open=0 settled=1 early=5 W/L=5/1 locked=$0 realised=$-78.65 fees=$4.58
[orv 06:57:01] scan ETH K=1786.7 yes 0.45701/0.46197 fair 0.4445 — no trade (edge 0.0076 < min 0.03)
[orv 06:57:19] scan ETH K=1786.7 yes 0.45701/0.46196 fair 0.4416 — no trade (edge 0.0104 < min 0.03)
[orv 06:57:37] scan ETH K=1786.7 yes 0.45701/0.46196 fair 0.4416 — no trade (edge 0.0104 < min 0.03)
[orv 06:57:55] scan ETH K=1786.7 yes 0.45701/0.46195 fair 0.4416 — no trade (edge 0.0104 < min 0.03)
[orv 06:58:13] scan ETH K=1786.7 yes 0.45701/0.46198 fair 0.4416 — no trade (edge 0.0104 < min 0.03)
[orv 06:58:30] scan BTC K=62713 yes 0.43697/0.44 fair 0.4313 — no trade (edge 0.0007 < min 0.03)
[orv 06:58:49] scan BTC K=62713 yes 0.43848/0.44 fair 0.4313 — no trade (edge 0.0022 < min 0.03)
[orv 07:03:22] scan ETH K=1786.7 yes 0.44924/0.46209 fair 0.4391 — no trade (edge 0.0051 < min 0.03)
[orv 07:03:41] scan ETH K=1786.7 yes 0.44884/0.46209 fair 0.4391 — no trade (edge 0.0047 < min 0.03)
[orv 07:03:58] scan ETH K=1786.7 yes 0.45/0.46209 fair 0.4391 — no trade (edge 0.0059 < min 0.03)
[orv 07:04:17] scan ETH K=1786.7 yes 0.45/0.46209 fair 0.4391 — no trade (edge 0.0059 < min 0.03)
[orv 07:05:11] scan BTC K=62713 yes 0.44211/0.44697 fair 0.4560 — no trade (edge 0.0040 < min 0.03)
[orv 07:05:30] scan BTC K=62713 yes 0.4415/0.44765 fair 0.4559 — no trade (edge 0.0033 < min 0.03)
[orv 07:06:42] scan BTC K=62713 yes 0.447/0.45 fair 0.4589 — no trade (edge 0.0039 < min 0.03)
[orv 07:06:43] SUMMARY open=0 settled=1 early=5 W/L=5/1 locked=$0 realised=$-78.65 fees=$4.58
[orv 07:07:01] scan BTC K=62713 yes 0.44/0.44818 fair 0.4588 — no trade (edge 0.0057 < min 0.03)
[orv 07:07:01] scan ETH K=1786.7 yes 0.45002/0.46324 fair 0.4440 — no trade (edge 0.0010 < min 0.03)
[orv 07:07:18] scan BTC K=62713 yes 0.44/0.442 fair 0.4588 — no trade (edge 0.0118 < min 0.03)
[orv 07:07:19] scan ETH K=1786.7 yes 0.45001/0.46322 fair 0.4440 — no trade (edge 0.0010 < min 0.03)
[orv 07:07:37] scan BTC K=62713 yes 0.44/0.442 fair 0.4502 — no trade (edge 0.0032 < min 0.03)
[orv 07:07:38] scan ETH K=1786.7 yes 0.45001/0.46321 fair 0.4440 — no trade (edge 0.0010 < min 0.03)
[orv 07:07:55] scan BTC K=62713 yes 0.44/0.442 fair 0.4502 — no trade (edge 0.0032 < min 0.03)
[orv 07:07:55] scan ETH K=1786.7 yes 0.45001/0.4632 fair 0.4440 — no trade (edge 0.0011 < min 0.03)
[orv 07:08:13] scan BTC K=62713 yes 0.44/0.442 fair 0.4502 — no trade (edge 0.0032 < min 0.03)
[orv 07:08:31] scan BTC K=62713 yes 0.44/0.442 fair 0.4502 — no trade (edge 0.0032 < min 0.03)
[orv 07:09:07] scan BTC K=62713 yes 0.446/0.45037 fair 0.4573 — no trade (edge 0.0020 < min 0.03)
[orv 07:09:26] scan BTC K=62713 yes 0.445/0.45042 fair 0.4573 — no trade (edge 0.0019 < min 0.03)
[orv 07:09:44] scan BTC K=62713 yes 0.443/0.45042 fair 0.4573 — no trade (edge 0.0019 < min 0.03)
[orv 07:10:20] scan BTC K=62713 yes 0.43894/0.44 fair 0.4490 — no trade (edge 0.0040 < min 0.03)
[orv 07:10:38] scan BTC K=62713 yes 0.43/0.43612 fair 0.4490 — no trade (edge 0.0078 < min 0.03)
[orv 07:10:39] scan ETH K=1786.7 yes 0.45007/0.45195 fair 0.4368 — no trade (edge 0.0082 < min 0.03)
[orv 07:10:57] scan BTC K=62713 yes 0.43/0.44134 fair 0.4490 — no trade (edge 0.0026 < min 0.03)
[orv 07:10:57] scan ETH K=1786.7 yes 0.45007/0.45195 fair 0.4368 — no trade (edge 0.0082 < min 0.03)
[orv 07:11:15] scan ETH K=1786.7 yes 0.45007/0.45195 fair 0.4368 — no trade (edge 0.0083 < min 0.03)
[orv 07:11:34] scan ETH K=1786.7 yes 0.45007/0.45195 fair 0.4368 — no trade (edge 0.0083 < min 0.03)
[orv 07:11:51] scan BTC K=62713 yes 0.4255/0.43 fair 0.4432 — no trade (edge 0.0082 < min 0.03)
[orv 07:11:52] scan ETH K=1786.7 yes 0.45007/0.45194 fair 0.4363 — no trade (edge 0.0087 < min 0.03)
[orv 07:12:10] scan BTC K=62713 yes 0.428/0.4345 fair 0.4432 — no trade (edge 0.0037 < min 0.03)
[orv 07:12:10] scan ETH K=1786.7 yes 0.45007/0.45195 fair 0.4363 — no trade (edge 0.0088 < min 0.03)
[orv 07:12:28] scan ETH K=1786.7 yes 0.45007/0.45195 fair 0.4363 — no trade (edge 0.0088 < min 0.03)
[orv 07:12:46] scan ETH K=1786.7 yes 0.45007/0.45195 fair 0.4363 — no trade (edge 0.0088 < min 0.03)
[orv 07:13:04] scan ETH K=1786.7 yes 0.45007/0.45195 fair 0.4389 — no trade (edge 0.0062 < min 0.03)
[orv 07:13:22] scan BTC K=62713 yes 0.428/0.432 fair 0.4376 — no trade (edge 0.0006 < min 0.03)
[orv 07:13:22] scan ETH K=1786.7 yes 0.45007/0.45195 fair 0.4389 — no trade (edge 0.0062 < min 0.03)
[orv 07:13:40] scan ETH K=1786.7 yes 0.45007/0.45195 fair 0.4389 — no trade (edge 0.0062 < min 0.03)
[orv 07:13:58] scan ETH K=1786.7 yes 0.45/0.45195 fair 0.4389 — no trade (edge 0.0061 < min 0.03)
[orv 07:14:16] scan ETH K=1786.7 yes 0.45002/0.46197 fair 0.4426 — no trade (edge 0.0024 < min 0.03)
[orv 07:14:35] scan ETH K=1786.7 yes 0.45001/0.46197 fair 0.4426 — no trade (edge 0.0024 < min 0.03)
[orv 07:14:54] scan BTC K=62713 yes 0.43/0.435 fair 0.4437 — no trade (edge 0.0037 < min 0.03)
[orv 07:14:54] scan ETH K=1786.7 yes 0.45001/0.46197 fair 0.4426 — no trade (edge 0.0024 < min 0.03)
[orv 07:15:11] scan BTC K=62713 yes 0.43/0.435 fair 0.4436 — no trade (edge 0.0036 < min 0.03)
[orv 07:15:12] scan ETH K=1786.7 yes 0.45001/0.46198 fair 0.4426 — no trade (edge 0.0024 < min 0.03)
[orv 07:15:30] scan BTC K=62713 yes 0.43/0.435 fair 0.4436 — no trade (edge 0.0036 < min 0.03)
[orv 07:17:00] SUMMARY open=0 settled=1 early=5 W/L=5/1 locked=$0 realised=$-78.65 fees=$4.58
[orv 07:17:19] scan BTC K=62713 yes 0.4325/0.439 fair 0.4454 — no trade (edge 0.0014 < min 0.03)
[orv 07:17:36] scan BTC K=62713 yes 0.4325/0.439 fair 0.4454 — no trade (edge 0.0014 < min 0.03)
[orv 07:17:55] scan BTC K=62713 yes 0.4325/0.439 fair 0.4454 — no trade (edge 0.0014 < min 0.03)
[orv 07:19:43] scan BTC K=62713 yes 0.436/0.44649 fair 0.4520 — no trade (edge 0.0006 < min 0.03)
[orv 07:20:02] scan BTC K=62713 yes 0.436/0.44 fair 0.4520 — no trade (edge 0.0070 < min 0.03)
[orv 07:20:19] scan BTC K=62713 yes 0.436/0.43849 fair 0.4520 — no trade (edge 0.0085 < min 0.03)
[orv 07:20:38] scan BTC K=62713 yes 0.4325/0.435 fair 0.4520 — no trade (edge 0.0120 < min 0.03)
[orv 07:22:26] scan BTC K=62713 yes 0.4298/0.43 fair 0.4383 — no trade (edge 0.0033 < min 0.03)
[orv 07:22:45] scan BTC K=62713 yes 0.4298/0.43 fair 0.4383 — no trade (edge 0.0033 < min 0.03)
[orv 07:23:02] scan BTC K=62713 yes 0.4298/0.43 fair 0.4383 — no trade (edge 0.0033 < min 0.03)
[orv 07:24:15] scan BTC K=62713 yes 0.43/0.43624 fair 0.4422 — no trade (edge 0.0010 < min 0.03)
[orv 07:25:27] scan BTC K=62713 yes 0.45/0.45403 fair 0.4383 — no trade (edge 0.0067 < min 0.03)
[orv 07:26:23] scan ETH K=1786.7 yes 0.45001/0.47969 fair 0.4866 — no trade (edge 0.0019 < min 0.03)
[orv 07:27:18] SUMMARY open=0 settled=1 early=5 W/L=5/1 locked=$0 realised=$-78.65 fees=$4.58
[orv 07:30:37] scan ETH K=1786.7 yes 0.47001/0.48564 fair 0.4923 — no trade (edge 0.0016 < min 0.03)
[orv 07:30:55] scan ETH K=1786.7 yes 0.47001/0.48564 fair 0.4923 — no trade (edge 0.0016 < min 0.03)
[orv 07:31:30] scan BTC K=62713 yes 0.46/0.46001 fair 0.4474 — no trade (edge 0.0076 < min 0.03)
[orv 07:32:07] scan BTC K=62713 yes 0.44451/0.447 fair 0.4520 — no trade (edge 0.0000 < min 0.03)
[orv 07:32:25] scan BTC K=62713 yes 0.44451/0.447 fair 0.4520 — no trade (edge 0.0000 < min 0.03)
[orv 07:33:21] scan ETH K=1786.7 yes 0.45201/0.4757 fair 0.4819 — no trade (edge 0.0012 < min 0.03)
[orv 07:37:35] SUMMARY open=0 settled=1 early=5 W/L=5/1 locked=$0 realised=$-78.65 fees=$4.58
